<?xml version='1.0' encoding='utf-8'?>
<alto xmlns="http://www.loc.gov/standards/alto/ns-v4#" xmlns:xsi="http://www.w3.org/2001/XMLSchema-instance" xsi:schemaLocation="http://www.loc.gov/standards/alto/ns-v4# http://www.loc.gov/standards/alto/v4/alto-4-2.xsd">
  <Description>
    <MeasurementUnit>pixel</MeasurementUnit>
    <sourceImageInformation>
      <fileName>Diari_excavacio_Oliva_vol_I_PSA_1947_0008.pdf_page_1.png</fileName>
      <fileIdentifier>pdf//Diari_excavacio_Oliva_vol_I_PSA_1947_0008.pdf</fileIdentifier>
    </sourceImageInformation>
  </Description>
  
  <Tags>
    <OtherTag ID="BT10558" LABEL="Page" DESCRIPTION="block type Page" /><OtherTag ID="BT9538" LABEL="text" DESCRIPTION="block type text" /><OtherTag ID="BT4" LABEL="Illustration" DESCRIPTION="block type Illustration" /><OtherTag ID="BT3" LABEL="Commentary" DESCRIPTION="block type Commentary" /><OtherTag ID="BT2" LABEL="Main" DESCRIPTION="block type Main" /><OtherTag ID="BT1" LABEL="Title" DESCRIPTION="block type Title" />
    <OtherTag ID="LT2" LABEL="Numbering" DESCRIPTION="line type Numbering" /><OtherTag ID="LT3563" LABEL="default" DESCRIPTION="line type default" />
  </Tags>
  
  <Layout>
    <Page WIDTH="2896" HEIGHT="2300" PHYSICAL_IMG_NR="7" ID="eSc_dummypage_">
      <PrintSpace HPOS="0" VPOS="0" WIDTH="2896" HEIGHT="2300">
        
        <TextBlock HPOS="110" VPOS="309" WIDTH="2638" HEIGHT="1606" ID="eSc_textblock_d20c0441" TAGREFS="BT4">
          <Shape><Polygon POINTS="110 309 110 1915 2748 1915 2748 309 1612 309" /></Shape>
          
        </TextBlock>
        
        <TextBlock HPOS="68" VPOS="45" WIDTH="2427" HEIGHT="139" ID="eSc_textblock_ac197f0c" TAGREFS="BT9538">
          <Shape><Polygon POINTS="68 45 69 159 2495 184 2495 45" /></Shape>
          
        </TextBlock>
        
        <TextBlock HPOS="2714" VPOS="21" WIDTH="126" HEIGHT="170" ID="eSc_textblock_0a869165" TAGREFS="BT10558">
          <Shape><Polygon POINTS="2714 21 2714 191 2840 191 2840 114 2840 21" /></Shape>
          
        </TextBlock>
        

        
        <TextBlock ID="eSc_dummyblock_">
          
          
          <TextLine ID="eSc_line_603c8984" TAGREFS="LT2" BASELINE="2742 85 2818 104" HPOS="2723" VPOS="51" WIDTH="102" HEIGHT="102">
            <Shape><Polygon POINTS="2786 53 2767 53 2746 53 2740 84 2723 153 2803 153 2817 103 2825 59 2813 51 2805 53" /></Shape>
	    <String CONTENT="8" HPOS="2723" VPOS="51" WIDTH="102" HEIGHT="102" />
          </TextLine>

          
          
          <TextLine ID="eSc_line_4caed815" TAGREFS="LT3563" BASELINE="86 97 1329 94" HPOS="82" VPOS="44" WIDTH="1245" HEIGHT="109">
            <Shape><Polygon POINTS="84 95 88 139 97 132 122 139 130 141 132 141 134 141 136 141 143 139 214 115 232 126 233 126 235 126 237 126 350 115 425 118 441 132 452 143 454 143 456 143 498 151 500 151 609 141 701 151 703 151 705 151 757 124 770 118 786 124 809 132 811 132 813 132 815 132 834 124 882 151 884 151 886 153 972 153 972 151 974 151 976 151 1029 118 1035 115 1064 116 1125 124 1127 124 1169 115 1175 115 1177 115 1267 134 1269 134 1271 134 1327 111 1327 93 1325 55 1286 44 1284 44 1283 44 1281 44 1250 53 1227 63 1091 63 1074 53 1070 51 1068 51 1066 51 1052 53 993 61 972 51 953 44 951 44 949 44 947 44 926 51 901 61 886 51 878 46 876 46 874 46 872 46 870 46 857 51 841 57 832 51 828 47 826 47 824 47 822 47 803 51 774 55 724 49 667 44 665 44 663 44 661 44 653 49 634 61 588 49 567 44 565 44 563 44 561 44 560 44 560 46 556 47 540 63 510 63 494 47 490 46 490 44 489 44 487 44 454 44 452 44 450 44 441 47 410 59 377 47 375 47 373 47 372 47 370 47 370 49 354 63 233 63 182 59 170 46 168 46 168 44 166 44 164 44 163 44 82 44 84 95" /></Shape>
	    <String CONTENT="Torre nº1, perfil del parament ?? Nord  Sud Nord." HPOS="82" VPOS="44" WIDTH="1245" HEIGHT="109" />
          </TextLine>

          
          
          <TextLine ID="eSc_line_59e74bcd" TAGREFS="LT3563" BASELINE="1620 93 2143 101 2202 139 2445 136" HPOS="1616" VPOS="40" WIDTH="827" HEIGHT="144">
            <Shape><Polygon POINTS="1618 90 1618 92 1616 141 1756 143 1758 145 1797 172 1798 172 1800 172 1802 172 1892 159 1921 176 1923 176 1925 176 1927 176 1929 176 1979 153 2021 178 2023 178 2025 178 2027 180 2101 180 2101 178 2103 178 2144 162 2180 180 2182 180 2184 180 2345 170 2393 184 2395 184 2397 184 2399 184 2401 184 2441 157 2443 134 2441 76 2318 74 2318 72 2297 59 2295 59 2293 59 2291 59 2232 72 2228 72 2226 72 2184 51 2182 51 2180 51 2178 51 2155 59 2111 44 2109 44 2107 44 2105 44 2048 59 2000 42 1998 42 1965 42 1963 42 1961 42 1960 42 1919 67 1917 69 1894 69 1894 67 1868 42 1868 40 1866 40 1864 40 1808 40 1806 40 1804 40 1802 40 1802 42 1787 55 1683 44 1681 44 1680 44 1624 59 1618 90" /></Shape>
	    <String CONTENT="Nord Sud Nord" HPOS="1616" VPOS="40" WIDTH="827" HEIGHT="144" />
          </TextLine>

          
        </TextBlock>
        
      </PrintSpace>
    </Page>
  </Layout>
</alto>