<?xml version='1.0' encoding='utf-8'?>
<alto xmlns="http://www.loc.gov/standards/alto/ns-v4#" xmlns:xsi="http://www.w3.org/2001/XMLSchema-instance" xsi:schemaLocation="http://www.loc.gov/standards/alto/ns-v4# http://www.loc.gov/standards/alto/v4/alto-4-2.xsd">
  <Description>
    <MeasurementUnit>pixel</MeasurementUnit>
    <sourceImageInformation>
      <fileName>Diari_excavacio_Oliva_vol_I_PSA_1947_0006.pdf_page_1.png</fileName>
      <fileIdentifier>pdf//Diari_excavacio_Oliva_vol_I_PSA_1947_0006.pdf</fileIdentifier>
    </sourceImageInformation>
  </Description>
  
  <Tags>
    <OtherTag ID="BT10558" LABEL="Page" DESCRIPTION="block type Page" /><OtherTag ID="BT9538" LABEL="text" DESCRIPTION="block type text" /><OtherTag ID="BT4" LABEL="Illustration" DESCRIPTION="block type Illustration" /><OtherTag ID="BT3" LABEL="Commentary" DESCRIPTION="block type Commentary" /><OtherTag ID="BT2" LABEL="Main" DESCRIPTION="block type Main" /><OtherTag ID="BT1" LABEL="Title" DESCRIPTION="block type Title" />
    <OtherTag ID="LT2" LABEL="Numbering" DESCRIPTION="line type Numbering" /><OtherTag ID="LT3563" LABEL="default" DESCRIPTION="line type default" />
  </Tags>
  
  <Layout>
    <Page WIDTH="2888" HEIGHT="2299" PHYSICAL_IMG_NR="5" ID="eSc_dummypage_">
      <PrintSpace HPOS="0" VPOS="0" WIDTH="2888" HEIGHT="2299">
        
        <TextBlock HPOS="870" VPOS="768" WIDTH="1970" HEIGHT="358" ID="eSc_textblock_fcb2bf69" TAGREFS="BT3">
          <Shape><Polygon POINTS="885 768 870 1097 2840 1126 2840 768" /></Shape>
          
          
          <TextLine ID="eSc_line_036f0a49" TAGREFS="LT3563" BASELINE="2377 1007 2405 1012" HPOS="2368" VPOS="975" WIDTH="37" HEIGHT="65">
            <Shape><Polygon POINTS="2368 1034 2395 1040 2403 1011 2405 975 2380 975 2376 1005" /></Shape>
	    <String CONTENT="&quot;" HPOS="2368" VPOS="975" WIDTH="37" HEIGHT="65" />
          </TextLine>

          
        </TextBlock>
        
        <TextBlock HPOS="30" VPOS="738" WIDTH="1276" HEIGHT="1482" ID="eSc_textblock_e31d1997" TAGREFS="BT4">
          <Shape><Polygon POINTS="30 759 45 2220 908 2198 1306 2060 1301 1888 956 1847 925 1475 829 1133 857 738" /></Shape>
          
        </TextBlock>
        
        <TextBlock HPOS="967" VPOS="1147" WIDTH="1851" HEIGHT="1116" ID="eSc_textblock_98a81231" TAGREFS="BT9538">
          <Shape><Polygon POINTS="975 1147 967 1829 1233 1846 1364 1865 1316 2094 969 2235 2818 2263 2818 1147" /></Shape>
          
        </TextBlock>
        
        <TextBlock HPOS="2719" VPOS="37" WIDTH="48" HEIGHT="41" ID="eSc_textblock_4ea1e67b" TAGREFS="BT10558">
          <Shape><Polygon POINTS="2725 37 2719 74 2757 78 2767 44" /></Shape>
          
        </TextBlock>
        
        <TextBlock HPOS="48" VPOS="41" WIDTH="2780" HEIGHT="727" ID="eSc_textblock_9e38fe02" TAGREFS="BT9538">
          <Shape><Polygon POINTS="54 193 48 732 2818 768 2828 90 2714 79 2682 62 1136 41 67 71" /></Shape>
          
        </TextBlock>
        

        
        <TextBlock ID="eSc_dummyblock_">
          
          
          <TextLine ID="eSc_line_2c5aa5b0" TAGREFS="LT2" BASELINE="2721 56 2763 58" HPOS="2717" VPOS="53" WIDTH="44" HEIGHT="38">
            <Shape><Polygon POINTS="2738 53 2719 53 2719 55 2717 91 2759 84 2761 57 2759 53 2757 53" /></Shape>
	    <String CONTENT="6" HPOS="2717" VPOS="53" WIDTH="44" HEIGHT="38" />
          </TextLine>

          
          
          <TextLine ID="eSc_line_7bb31e13" TAGREFS="LT3563" BASELINE="94 158 266 128 456 107 929 94 1071 119" HPOS="90" VPOS="51" WIDTH="979" HEIGHT="111">
            <Shape><Polygon POINTS="93 157 93 162 141 162 143 162 145 162 145 160 159 149 183 160 185 160 187 160 189 160 191 160 205 149 245 159 247 159 249 159 251 159 252 159 252 157 272 136 304 136 329 151 331 151 333 151 335 151 337 151 339 151 362 132 412 132 532 147 534 147 536 147 538 147 571 126 599 145 601 145 603 145 605 145 607 145 668 126 716 137 718 137 720 137 722 137 724 137 739 124 760 134 762 134 764 136 816 136 816 134 818 134 820 134 820 132 822 132 829 122 868 130 870 130 871 130 873 130 873 128 883 120 940 132 942 132 1069 128 1069 118 1065 61 954 51 952 51 950 51 919 65 912 68 747 72 709 67 638 57 636 57 634 57 632 57 615 68 603 76 565 70 513 61 511 61 459 63 458 63 456 63 456 65 446 72 436 80 392 72 356 67 354 67 321 74 243 91 183 80 182 80 180 80 178 80 168 88 155 76 153 74 151 74 149 74 147 74 90 76 93 157" /></Shape>
	    <String CONTENT="21 de Novembre" HPOS="90" VPOS="51" WIDTH="979" HEIGHT="111" />
          </TextLine>

          
          
          <TextLine ID="eSc_line_b7c9ab09" TAGREFS="LT2" BASELINE="1055 72 1188 75" HPOS="1052" VPOS="53" WIDTH="134" HEIGHT="56">
            <Shape><Polygon POINTS="1149 53 1130 53 1111 53 1092 53 1073 53 1054 53 1054 70 1052 91 1119 109 1121 109 1184 95 1186 74 1184 53 1168 53" /></Shape>
	    <String CONTENT="-1947-" HPOS="1052" VPOS="53" WIDTH="134" HEIGHT="56" />
          </TextLine>

          
          
          <TextLine ID="eSc_line_bfaddb78" TAGREFS="LT3563" BASELINE="1216 108 2709 116 2816 149" HPOS="1214" VPOS="59" WIDTH="1601" HEIGHT="96">
            <Shape><Polygon POINTS="1216 139 1291 120 1356 134 1358 134 1360 134 1414 120 1517 128 1519 128 1521 128 1556 114 1640 143 1642 143 1644 143 1646 143 1726 116 1799 128 1801 128 1910 116 1943 132 1945 132 1947 132 1948 132 1973 122 2067 139 2069 139 2155 120 2175 132 2177 132 2178 132 2180 132 2265 130 2305 141 2307 141 2309 141 2311 141 2385 120 2422 137 2424 137 2426 137 2470 130 2560 141 2562 141 2564 141 2604 130 2642 153 2644 153 2646 153 2648 153 2650 153 2652 153 2681 139 2698 153 2700 153 2702 153 2704 155 2813 155 2815 147 2815 82 2794 68 2792 68 2790 68 2788 68 2723 84 2721 86 2606 86 2602 82 2573 68 2571 68 2569 68 2567 68 2541 82 2535 84 2485 80 2408 74 2406 74 2405 74 2389 78 2376 82 2362 78 2330 67 2328 67 2326 67 2324 67 2322 67 2305 76 2297 82 2278 76 2244 67 2242 67 2240 67 2155 74 2092 80 2077 72 2067 68 2065 68 2063 68 1994 72 1968 72 1960 70 1929 63 1927 63 1782 63 1780 63 1778 63 1766 68 1743 78 1638 65 1625 65 1623 65 1605 65 1397 76 1214 59 1214 107" /></Shape>
	    <String CONTENT="Dia 19 de Novembre -1947-  Es comença l’excavació amb 4 obrers," HPOS="1214" VPOS="59" WIDTH="1601" HEIGHT="96" />
          </TextLine>

          
          
          <TextLine ID="eSc_line_10b2e2c0" TAGREFS="LT3563" BASELINE="85 240 544 233 613 224 863 214 2094 205 2394 195 2608 219 2763 239" HPOS="82" VPOS="151" WIDTH="2679" HEIGHT="107">
            <Shape><Polygon POINTS="84 258 237 256 302 241 341 252 343 252 344 252 488 247 563 233 705 241 707 241 783 224 822 235 824 235 825 235 827 235 862 226 1061 237 1063 237 1115 229 1180 250 1182 250 1184 250 1268 231 1370 235 1372 235 1460 224 1538 233 1540 233 1655 220 1757 235 1759 235 1761 235 1809 218 1927 229 1929 229 1931 229 1973 218 2119 226 2121 226 2123 226 2152 216 2345 231 2347 231 2475 224 2531 243 2533 243 2535 245 2759 245 2761 237 2759 178 2541 178 2458 151 2456 151 2454 151 2452 151 2410 168 2351 153 2349 153 2232 153 2230 153 2228 153 2169 174 2010 155 1805 155 1803 155 1673 182 1669 182 1663 182 1460 157 1458 157 1456 157 1374 180 1293 159 1291 159 1180 159 1178 159 1069 183 1061 187 929 187 925 185 864 160 862 160 755 160 753 160 555 187 546 187 540 187 498 174 496 174 494 174 413 187 398 189 390 187 337 170 335 170 333 170 331 170 260 187 252 189 231 187 113 178 111 178 109 178 82 185 84 239" /></Shape>
	    <String CONTENT="Joan Juncà, de Palamós; Joan Cases; (a) Ventura, Pere Cases, ger-" HPOS="82" VPOS="151" WIDTH="2679" HEIGHT="107" />
          </TextLine>

          
          
          <TextLine ID="eSc_line_a29c988a" TAGREFS="LT3563" BASELINE="53 321 524 305 2396 314" HPOS="51" VPOS="249" WIDTH="2344" HEIGHT="86">
            <Shape><Polygon POINTS="51 319 51 333 239 333 239 331 241 331 295 318 337 331 339 331 341 331 343 331 465 319 659 319 705 331 714 333 716 335 864 335 864 333 866 333 871 331 904 319 962 331 975 333 977 333 979 333 985 331 1017 321 1105 331 1128 333 1130 333 1132 333 1138 331 1172 319 1418 331 1515 335 1517 335 1519 335 1533 331 1565 321 1809 321 1855 331 1879 335 1881 335 1908 331 1960 321 2391 329 2395 312 2393 270 2303 250 2301 250 2194 268 2157 250 2155 250 1983 250 1981 250 1979 250 1914 268 1835 256 1833 256 1832 256 1786 270 1772 273 1761 270 1719 254 1717 254 1715 254 1713 254 1657 270 1636 277 1577 277 1565 270 1523 250 1521 250 1519 250 1318 262 1293 250 1291 250 1289 250 1287 250 1259 260 1134 249 1132 249 1130 249 1048 272 1034 275 806 275 791 272 670 249 668 249 666 249 584 272 582 273 513 273 507 272 459 254 458 254 456 254 454 254 400 272 398 273 51 273 51 319" /></Shape>
	    <String CONTENT="mà de l’anterior, i Aleix Jair, els 3, d’Ullastret." HPOS="51" VPOS="249" WIDTH="2344" HEIGHT="86" />
          </TextLine>

          
          
          <TextLine ID="eSc_line_dcb417eb" TAGREFS="LT3563" BASELINE="169 392 482 402 733 385 1138 388 1216 393 1521 385 1732 388 1789 392 1855 404 1890 405" HPOS="168" VPOS="337" WIDTH="1721" HEIGHT="82">
            <Shape><Polygon POINTS="168 419 229 406 302 417 304 419 517 419 517 417 519 417 521 417 542 404 620 409 622 409 624 409 674 396 716 408 718 408 720 408 722 408 753 396 1059 398 1109 415 1115 417 1117 417 1119 419 1226 419 1226 417 1228 417 1236 415 1285 400 1356 408 1358 408 1360 408 1395 396 1885 411 1889 404 1887 364 1770 362 1726 337 1724 337 1655 337 1653 337 1651 337 1590 358 1582 360 1433 358 1429 356 1402 341 1400 341 1398 341 1274 354 1188 362 1167 352 1138 337 1136 337 1134 337 1132 337 1082 350 1050 360 969 360 940 348 908 337 906 337 720 337 718 337 716 337 699 344 661 362 594 352 592 352 492 362 448 348 446 348 444 348 442 348 398 364 320 364 270 337 268 337 266 337 168 337 168 390 168 419" /></Shape>
	    <String CONTENT="S’inicia amb la neteja d’una torre ??, la senya-" HPOS="168" VPOS="337" WIDTH="1721" HEIGHT="82" />
          </TextLine>

          
          
          <TextLine ID="eSc_line_34cb3229" TAGREFS="LT3563" BASELINE="2392 406 2440 406 2541 415 2758 430" HPOS="2389" VPOS="352" WIDTH="368" HEIGHT="98">
            <Shape><Polygon POINTS="2389 421 2512 421 2529 432 2539 440 2541 440 2543 440 2544 440 2546 440 2548 440 2558 434 2567 429 2585 436 2594 440 2596 440 2598 440 2612 438 2648 431 2661 442 2671 450 2673 450 2675 450 2677 450 2753 448 2757 429 2757 398 2636 390 2627 385 2583 360 2581 360 2579 360 2577 360 2575 360 2548 377 2541 381 2516 381 2504 371 2477 352 2475 352 2474 352 2472 352 2393 360 2391 404" /></Shape>
	    <String CONTENT="la senya-" HPOS="2389" VPOS="352" WIDTH="368" HEIGHT="98" />
          </TextLine>

          
          
          <TextLine ID="eSc_line_a539cfcd" TAGREFS="LT3563" BASELINE="62 493 393 475 627 473 1115 481 1663 475 2647 486 2773 522" HPOS="59" VPOS="413" WIDTH="2712" HEIGHT="108">
            <Shape><Polygon POINTS="61 492 59 494 557 484 661 494 663 494 739 486 791 501 795 501 797 501 799 501 835 501 1073 494 1195 503 1209 503 1211 503 1220 503 1374 488 1569 503 1571 503 1573 503 1607 490 1768 490 1851 501 1853 501 2000 492 2039 505 2040 505 2042 505 2044 505 2100 492 2198 507 2200 507 2201 507 2236 494 2433 494 2462 505 2464 505 2727 511 2771 521 2771 455 2654 444 2652 444 2610 454 2606 454 2332 454 2324 450 2303 440 2301 440 2299 440 2224 448 2182 452 2167 446 2108 425 2106 425 2104 425 2002 440 1962 429 1960 429 1958 429 1956 429 1912 442 1887 452 1776 452 1732 440 1663 423 1563 423 1561 423 1506 436 1469 444 1423 434 1358 421 1356 421 1301 432 1236 448 1155 448 1130 436 1128 436 1126 436 979 436 950 427 927 419 925 419 770 417 521 417 519 417 517 417 507 419 438 442 277 442 203 415 201 415 199 415 197 415 143 427 61 413 61 492" /></Shape>
	    <String CONTENT="lada amb la C, del croquis d’en Masó, i que d’ara en endavant en" HPOS="59" VPOS="413" WIDTH="2712" HEIGHT="108" />
          </TextLine>

          
          
          <TextLine ID="eSc_line_6bcdec25" TAGREFS="LT3563" BASELINE="65 565 587 558 1519 567 2242 580 2551 591 2582 570 2800 618" HPOS="61" VPOS="494" WIDTH="2738" HEIGHT="130">
            <Shape><Polygon POINTS="63 563 61 576 519 567 592 580 594 580 657 569 751 588 753 588 755 588 808 570 935 582 937 582 1021 572 1103 584 1105 584 1400 578 1540 591 1542 591 1582 584 1650 605 1657 607 1659 607 1661 607 1673 605 1764 584 1835 607 1839 609 1841 609 2039 613 2040 613 2060 611 2226 591 2322 607 2324 607 2395 593 2452 611 2454 611 2456 611 2610 603 2675 620 2681 622 2682 622 2684 624 2797 624 2799 616 2799 553 2679 549 2621 532 2619 532 2617 532 2615 532 2564 549 2554 551 2309 549 2274 542 2167 524 2165 524 2014 536 2010 538 1851 538 1841 532 1826 526 1824 526 1822 526 1789 532 1749 538 1573 538 1538 526 1502 515 1500 515 1404 513 1402 513 1297 521 1262 523 1224 519 1151 511 1149 511 1121 517 1065 528 1034 515 1017 507 1015 507 1013 507 979 513 923 524 894 511 885 507 883 507 881 507 879 507 870 511 858 515 822 509 772 503 770 503 741 509 678 521 442 521 381 500 371 498 369 498 367 498 366 498 356 500 291 517 141 517 63 494 63 563" /></Shape>
	    <String CONTENT="diuen torre nº1 enclavada en terrenys propietat d’en Vicens" HPOS="61" VPOS="494" WIDTH="2738" HEIGHT="130" />
          </TextLine>

          
          
          <TextLine ID="eSc_line_6eaa7834" TAGREFS="LT3563" BASELINE="65 648 195 638 555 632 1182 630 1274 638 1479 638 1711 651 1959 652 2188 666 2447 666 2617 674 2650 676 2792 689" HPOS="61" VPOS="574" WIDTH="2729" HEIGHT="117">
            <Shape><Polygon POINTS="63 647 61 674 195 676 197 676 199 676 201 676 320 645 609 645 686 659 687 659 837 647 977 647 1021 662 1023 662 1025 662 1149 649 1320 682 1322 682 1324 683 1420 683 1420 682 1575 657 1755 672 1757 672 1759 672 1824 655 1902 676 1904 676 1906 676 2027 664 2177 687 2186 687 2188 687 2194 687 2270 672 2449 689 2468 689 2470 691 2788 691 2790 687 2788 626 2502 626 2491 620 2458 609 2456 609 2454 609 2299 616 2201 622 2175 614 2140 605 2138 605 2136 605 2134 605 2109 614 2090 620 1872 611 1860 611 1858 611 1856 611 1818 620 1747 609 1724 605 1722 605 1680 607 1625 611 1602 607 1512 584 1510 584 1460 591 1425 582 1423 582 1421 582 1306 593 1266 582 1264 582 988 580 986 580 985 580 946 595 921 605 877 593 810 578 406 576 404 576 402 576 369 586 331 597 237 591 235 591 233 591 208 601 143 582 113 574 111 574 109 574 63 580 63 647" /></Shape>
	    <String CONTENT="Sagrera, d’Ullastret, i situada junt a la muralla, de la vessant" HPOS="61" VPOS="574" WIDTH="2729" HEIGHT="117" />
          </TextLine>

          
          
          <TextLine ID="eSc_line_72644568" TAGREFS="LT3563" BASELINE="54 719 970 705 1299 720 1872 733 2128 751" HPOS="53" VPOS="653" WIDTH="2075" HEIGHT="98">
            <Shape><Polygon POINTS="54 719 53 730 159 730 160 730 183 722 255 729 256 729 321 722 397 734 398 734 450 725 726 722 768 738 784 743 785 743 786 744 859 744 859 743 860 743 877 738 932 724 1024 724 1067 736 1069 736 1070 736 1184 730 1221 742 1227 743 1228 743 1230 743 1247 742 1355 728 1461 729 1514 743 1526 745 1527 747 1594 747 1594 745 1595 745 1601 744 1632 736 1696 744 1716 747 1717 747 1729 745 1779 734 1827 744 2052 747 2128 751 2125 688 1983 688 1982 687 1894 670 1892 670 1755 687 1747 687 1600 687 1600 685 1549 673 1548 673 1546 673 1545 673 1500 685 1499 687 1341 687 1338 685 1195 655 960 655 959 655 886 669 767 653 484 653 482 653 367 683 314 683 220 661 219 661 140 682 54 682 54 719" /></Shape>
	    <String CONTENT="de ponent de la part baixa nord del poblat." HPOS="53" VPOS="653" WIDTH="2075" HEIGHT="98" />
          </TextLine>

          
          
          <TextLine ID="eSc_line_67439f7c" TAGREFS="LT3563" BASELINE="917 825 1067 814 1163 814 1330 825 1596 828 1862 845 2267 858 2523 859" HPOS="915" VPOS="780" WIDTH="1608" HEIGHT="100">
            <Shape><Polygon POINTS="917 825 915 837 951 837 951 836 952 836 986 825 1272 831 1338 844 1339 844 1370 839 1390 846 1398 849 1399 849 1482 857 1484 858 1527 858 1527 857 1528 857 1548 849 1557 846 1576 850 1631 860 1721 862 1723 862 1758 854 1778 849 1795 854 1827 864 1829 864 1830 864 1831 864 1863 855 1889 849 1918 857 1932 860 1933 860 1935 860 2000 858 2055 857 2067 859 2108 871 2110 871 2111 871 2112 871 2144 862 2157 858 2172 862 2225 876 2226 876 2300 877 2301 877 2302 877 2336 865 2340 864 2343 865 2388 878 2389 878 2391 880 2439 880 2439 878 2440 878 2481 868 2498 864 2521 868 2523 859 2523 828 2471 822 2470 822 2448 827 2424 832 2203 821 2202 821 2001 821 1975 813 1926 798 1924 798 1923 798 1922 798 1894 811 1890 813 1852 816 1829 809 1779 794 1778 794 1776 794 1717 805 1712 807 1710 805 1689 796 1688 796 1687 796 1646 802 1580 789 1426 786 1425 786 1356 795 1325 782 1324 782 1214 780 1213 780 1168 790 1152 794 1122 789 1083 782 1081 782 1080 782 1069 788 1057 794 997 795 959 785 942 780 941 780 940 780 917 782 917 825" /></Shape>
	    <String CONTENT="A = muralla de grans pedres. Primer Segment." HPOS="915" VPOS="780" WIDTH="1608" HEIGHT="100" />
          </TextLine>

          
          
          <TextLine ID="eSc_line_239e1afc" TAGREFS="LT3563" BASELINE="911 888 1717 900 1946 915 2448 928 2549 934 2647 950 2785 955" HPOS="910" VPOS="849" WIDTH="1875" HEIGHT="116">
            <Shape><Polygon POINTS="2774 913 2761 910 2760 909 2612 908 2604 905 2567 892 2566 892 2564 892 2470 900 2456 901 2451 900 2401 882 2400 882 2398 882 2397 882 2361 894 2317 896 2268 899 2251 894 2245 892 2244 892 2242 892 2204 892 2106 895 2093 890 2074 881 2073 881 2071 881 2025 883 1992 874 1991 874 1990 874 1988 874 1958 886 1953 886 1875 886 1868 883 1861 880 1859 880 1858 880 1857 880 1848 882 1830 887 1807 881 1748 865 1747 865 1746 865 1673 873 1633 863 1632 863 1258 855 1256 855 1255 855 1223 864 1193 872 1109 860 1094 859 1093 859 1092 859 1089 860 1058 872 986 871 954 857 937 849 936 849 934 849 933 849 911 854 911 888 910 896 933 904 934 904 936 904 965 897 984 894 1097 902 1214 911 1216 911 1238 908 1282 900 1370 913 1401 917 1402 917 1403 917 1412 914 1454 902 1541 915 1542 915 1544 915 1577 906 1682 906 1705 918 1706 918 1707 918 1742 911 1808 925 1809 925 1855 915 1880 925 1881 925 1882 925 1926 917 1981 931 1982 931 1983 931 2025 923 2090 934 2092 934 2144 932 2181 943 2216 954 2217 954 2218 954 2258 946 2317 934 2369 950 2393 957 2394 957 2783 965 2785 955 2779 920 2774 913" /></Shape>
	    <String CONTENT="B= mur Nord de la torre nº1, carreus rectangulars grans" HPOS="910" VPOS="849" WIDTH="1875" HEIGHT="116" />
          </TextLine>

          
          
          <TextLine ID="eSc_line_6b92916c" TAGREFS="LT3563" BASELINE="910 952 1068 955 1224 969 1753 973 1995 991" HPOS="908" VPOS="919" WIDTH="1086" HEIGHT="82">
            <Shape><Polygon POINTS="908 950 908 977 963 961 1065 963 1115 980 1123 982 1124 982 1218 984 1220 984 1222 984 1230 982 1257 973 1272 982 1278 986 1280 986 1282 986 1283 988 1377 988 1377 986 1379 986 1381 986 1381 984 1383 984 1397 973 1437 973 1475 986 1490 990 1492 990 1494 990 1519 986 1567 977 1598 986 1613 992 1615 992 1617 992 1638 988 1673 978 1684 988 1692 994 1692 996 1694 996 1696 996 1697 996 1699 996 1715 988 1724 984 1743 990 1774 998 1776 998 1778 998 1780 998 1782 998 1793 990 1807 982 1820 990 1837 1000 1839 1000 1841 1000 1843 1000 1878 992 1891 988 1904 992 1935 1001 1937 1001 1939 1001 1991 992 1994 990 1994 954 1807 952 1787 946 1738 934 1673 933 1671 933 1669 933 1667 933 1653 942 1650 944 1634 942 1584 931 1582 931 1581 931 1558 938 1544 944 1540 938 1533 933 1533 931 1531 931 1529 931 1527 931 1496 936 1469 942 1423 942 1418 934 1410 929 1410 927 1408 927 1406 927 1404 927 1360 933 1318 938 1310 931 1306 929 1306 927 1305 927 1303 927 1301 927 1270 931 1211 936 1126 934 1109 925 1098 919 1096 919 1094 919 1055 923 1002 929 908 919 908 950" /></Shape>
	    <String CONTENT="C = mur dret de la torre n°1" HPOS="908" VPOS="919" WIDTH="1086" HEIGHT="82" />
          </TextLine>

          
          
          <TextLine ID="eSc_line_b6f68d70" TAGREFS="LT3563" BASELINE="2147 992 2179 997" HPOS="2140" VPOS="969" WIDTH="38" HEIGHT="46">
            <Shape><Polygon POINTS="2146 990 2140 1011 2173 1015 2178 996 2178 973 2148 969 2146 990" /></Shape>
	    <String CONTENT="&quot;" HPOS="2140" VPOS="969" WIDTH="38" HEIGHT="46" />
          </TextLine>

          
          
          <TextLine ID="eSc_line_9940e088" TAGREFS="LT3563" BASELINE="2421 999 2555 1010 2785 1048" HPOS="2418" VPOS="967" WIDTH="366" HEIGHT="105">
            <Shape><Polygon POINTS="2418 1005 2472 1028 2474 1028 2475 1028 2477 1028 2506 1021 2587 1032 2617 1055 2619 1055 2621 1055 2661 1061 2663 1061 2665 1061 2694 1049 2702 1047 2723 1051 2725 1055 2734 1070 2736 1070 2736 1072 2738 1072 2740 1072 2742 1072 2780 1063 2784 1047 2782 1007 2759 1015 2736 1001 2730 998 2728 998 2727 998 2725 998 2723 998 2715 1000 2692 1005 2684 996 2682 992 2681 992 2681 990 2679 990 2677 990 2424 967 2420 998" /></Shape>
	    <String CONTENT="més irregulars" HPOS="2418" VPOS="967" WIDTH="366" HEIGHT="105" />
          </TextLine>

          
          
          <TextLine ID="eSc_line_604a7be4" TAGREFS="LT3563" BASELINE="899 1033 1124 1029 1292 1043 1888 1056" HPOS="898" VPOS="984" WIDTH="989" HEIGHT="104">
            <Shape><Polygon POINTS="898 1032 898 1061 939 1044 1119 1046 1168 1069 1180 1072 1182 1072 1268 1074 1270 1074 1272 1074 1280 1070 1297 1063 1370 1065 1372 1065 1374 1065 1375 1065 1375 1063 1387 1053 1462 1069 1464 1069 1466 1069 1513 1055 1573 1078 1577 1080 1579 1080 1581 1080 1590 1080 1676 1063 1787 1084 1799 1086 1801 1088 1885 1088 1887 1055 1883 1009 1845 1024 1799 1024 1770 1005 1768 1005 1766 1005 1764 1005 1763 1005 1761 1005 1726 1021 1579 1009 1577 1009 1533 1017 1508 1017 1490 1000 1490 998 1489 998 1487 998 1485 998 1483 998 1481 998 1450 1015 1406 1015 1389 998 1389 996 1387 996 1385 996 1349 994 1347 994 1345 994 1341 994 1299 1011 1282 996 1282 994 1280 994 1278 994 1176 990 1174 990 1165 990 1023 1005 992 990 990 990 988 990 986 990 954 1003 935 986 933 986 931 986 898 984 898 1032" /></Shape>
	    <String CONTENT="D= cata junt al mur Nord. " HPOS="898" VPOS="984" WIDTH="989" HEIGHT="104" />
          </TextLine>

          
          
          <TextLine ID="eSc_line_a6ec021a" TAGREFS="LT3563" BASELINE="2153 1067 2412 1067 2629 1086" HPOS="2152" VPOS="1024" WIDTH="477" HEIGHT="87">
            <Shape><Polygon POINTS="2153 1067 2152 1080 2202 1080 2205 1083 2216 1093 2216 1094 2217 1094 2218 1094 2219 1094 2240 1093 2241 1093 2242 1093 2253 1086 2273 1074 2292 1081 2294 1081 2295 1081 2416 1079 2437 1094 2438 1094 2439 1094 2440 1094 2485 1089 2517 1104 2526 1108 2527 1108 2529 1108 2530 1108 2540 1106 2554 1102 2558 1107 2559 1108 2561 1108 2561 1109 2562 1109 2563 1109 2627 1111 2629 1086 2629 1057 2575 1047 2573 1047 2572 1047 2559 1052 2525 1035 2523 1035 2522 1035 2521 1035 2479 1047 2466 1051 2452 1046 2446 1043 2444 1043 2443 1043 2428 1044 2384 1048 2370 1040 2348 1029 2347 1029 2346 1029 2345 1029 2327 1038 2308 1031 2306 1031 2305 1031 2304 1031 2295 1035 2280 1044 2260 1034 2244 1025 2242 1025 2241 1025 2240 1025 2219 1031 2203 1037 2196 1030 2190 1025 2190 1024 2189 1024 2188 1024 2186 1024 2154 1026 2153 1067" /></Shape>
	    <String CONTENT="que els anteriors" HPOS="2152" VPOS="1024" WIDTH="477" HEIGHT="87" />
          </TextLine>

          
          
          <TextLine ID="eSc_line_95d164f9" TAGREFS="LT3563" BASELINE="1109 1189 1216 1185 2125 1208 2332 1223 2692 1229 2780 1241" HPOS="1108" VPOS="1145" WIDTH="1672" HEIGHT="105">
            <Shape><Polygon POINTS="1109 1189 1108 1200 1159 1192 1291 1206 1292 1206 1293 1206 1310 1199 1429 1199 1481 1209 1482 1209 1545 1204 1576 1215 1586 1219 1587 1219 1670 1222 1671 1222 1715 1219 1864 1210 1947 1212 1970 1222 1972 1222 1973 1222 2044 1218 2085 1227 2087 1227 2158 1219 2276 1236 2297 1238 2299 1238 2340 1237 2420 1236 2442 1241 2451 1242 2452 1242 2453 1242 2457 1241 2489 1231 2538 1244 2539 1244 2540 1244 2541 1244 2544 1244 2605 1233 2647 1245 2649 1245 2650 1245 2693 1241 2778 1250 2780 1241 2780 1199 2770 1195 2769 1195 2767 1195 2738 1200 2727 1201 2719 1199 2681 1183 2679 1183 2559 1181 2558 1181 2557 1181 2529 1192 2516 1199 2489 1199 2403 1196 2386 1187 2369 1181 2368 1181 2366 1181 2365 1181 2351 1186 2334 1192 2250 1192 2211 1182 2199 1180 2198 1180 2196 1180 2190 1181 2168 1187 2143 1180 2139 1178 2138 1178 2090 1178 2041 1178 2037 1176 2018 1168 2016 1168 2015 1168 2014 1168 1993 1175 1992 1175 1990 1175 1958 1167 1956 1167 1900 1171 1887 1172 1875 1171 1812 1160 1811 1160 1767 1167 1725 1173 1688 1164 1669 1159 1668 1159 1666 1159 1649 1163 1601 1173 1527 1173 1474 1158 1472 1158 1471 1158 1470 1158 1434 1169 1383 1169 1306 1152 1283 1146 1109 1145 1109 1189" /></Shape>
	    <String CONTENT="Notem en aquesta excavació que la torre" HPOS="1108" VPOS="1145" WIDTH="1672" HEIGHT="105" />
          </TextLine>

          
          
          <TextLine ID="eSc_line_3798b7b3" TAGREFS="LT3563" BASELINE="960 1283 1162 1277 1721 1282 1885 1287 1991 1297 2272 1301 2432 1312 2552 1329 2836 1338" HPOS="960" VPOS="1237" WIDTH="1876" HEIGHT="105">
            <Shape><Polygon POINTS="960 1283 960 1298 1037 1289 1118 1300 1120 1300 1121 1300 1150 1288 1217 1286 1732 1293 1771 1306 1772 1306 1774 1307 1839 1307 1871 1320 1884 1325 1885 1325 2010 1328 2011 1328 2013 1328 2024 1324 2056 1312 2083 1316 2084 1316 2144 1304 2217 1314 2218 1314 2219 1314 2251 1306 2297 1319 2299 1319 2300 1319 2333 1312 2360 1323 2361 1323 2460 1334 2493 1337 2834 1342 2836 1338 2836 1293 2705 1291 2705 1289 2681 1282 2679 1282 2678 1282 2642 1288 2641 1288 2492 1287 2488 1286 2442 1275 2440 1275 2439 1275 2406 1283 2405 1283 2263 1273 2262 1273 2235 1278 2199 1269 2198 1269 2196 1269 2163 1274 2115 1255 2113 1255 2075 1254 1975 1252 1974 1252 1973 1252 1949 1263 1866 1264 1784 1249 1719 1247 1717 1247 1668 1258 1594 1246 1592 1246 1505 1261 1454 1242 1453 1242 1352 1241 1351 1241 1350 1241 1320 1252 1238 1259 1233 1259 1232 1259 1181 1237 1180 1237 1124 1237 1122 1237 1121 1237 1075 1249 1039 1242 1038 1242 1037 1242 998 1254 997 1254 960 1254 960 1283" /></Shape>
	    <String CONTENT="sembla més moderna que la muralla, el tallat" HPOS="960" VPOS="1237" WIDTH="1876" HEIGHT="105" />
          </TextLine>

          
          
          <TextLine ID="eSc_line_b915807e" TAGREFS="LT3563" BASELINE="941 1362 1113 1355 1694 1367 1903 1380 2332 1392 2439 1408 2720 1413 2806 1448" HPOS="939" VPOS="1304" WIDTH="1866" HEIGHT="142">
            <Shape><Polygon POINTS="940 1360 939 1369 969 1383 971 1383 973 1383 975 1383 1017 1371 1046 1364 1121 1367 1144 1375 1205 1396 1207 1396 1209 1396 1278 1381 1333 1369 1452 1381 1454 1381 1536 1375 1567 1377 1592 1394 1611 1408 1613 1408 1615 1408 1671 1410 1673 1410 1674 1410 1699 1398 1724 1385 1786 1385 1950 1400 1952 1400 2021 1390 2221 1411 2223 1411 2224 1411 2270 1396 2311 1396 2353 1425 2359 1429 2360 1429 2362 1429 2784 1440 2805 1446 2805 1377 2485 1369 2483 1367 2445 1348 2443 1348 2441 1348 2324 1356 2265 1339 2263 1339 2261 1339 2171 1354 2069 1333 2067 1333 2065 1333 2006 1354 2004 1354 1893 1352 1893 1350 1858 1327 1856 1327 1855 1327 1853 1327 1763 1342 1671 1321 1607 1321 1605 1321 1604 1321 1567 1339 1471 1337 1450 1323 1448 1323 1446 1323 1444 1323 1389 1335 1339 1312 1337 1312 1335 1312 1278 1323 1257 1310 1255 1310 1253 1310 1251 1310 1165 1320 1140 1306 1138 1306 1078 1306 1077 1306 1075 1306 1036 1321 1000 1304 998 1304 996 1304 994 1304 940 1320 940 1360" /></Shape>
	    <String CONTENT="de la pedra és diferent, i també l’aparellat, in-" HPOS="939" VPOS="1304" WIDTH="1866" HEIGHT="142" />
          </TextLine>

          
          
          <TextLine ID="eSc_line_efc343ab" TAGREFS="LT3563" BASELINE="945 1450 987 1445 1541 1441 2605 1494" HPOS="942" VPOS="1387" WIDTH="1662" HEIGHT="134">
            <Shape><Polygon POINTS="944 1448 942 1454 1086 1467 1088 1467 1090 1467 1113 1461 1138 1456 1149 1463 1159 1469 1161 1469 1163 1469 1295 1475 1297 1475 1335 1471 1466 1454 1628 1469 1630 1469 1632 1469 1634 1469 1650 1459 1816 1463 1874 1492 1881 1496 1883 1496 1924 1498 1925 1498 1927 1498 1929 1498 1933 1494 1973 1471 2046 1490 2048 1490 2050 1490 2052 1490 2081 1475 2148 1503 2150 1503 2152 1503 2154 1503 2157 1503 2236 1486 2314 1502 2316 1502 2385 1486 2460 1507 2462 1507 2464 1507 2493 1503 2516 1519 2518 1519 2520 1519 2600 1521 2604 1492 2604 1461 2497 1440 2495 1440 2433 1454 2431 1454 2336 1434 2334 1434 2332 1434 2330 1434 2314 1446 2292 1436 2290 1436 2288 1436 2196 1446 2188 1446 2180 1446 2081 1425 2079 1425 1970 1431 1893 1419 1891 1419 1889 1419 1837 1433 1835 1433 1832 1433 1786 1429 1770 1415 1770 1413 1768 1413 1766 1413 1764 1413 1697 1425 1558 1406 1556 1406 1554 1406 1512 1419 1400 1400 1306 1398 1305 1398 1247 1411 1193 1392 1191 1392 1190 1392 1188 1392 1147 1408 1042 1406 1042 1404 1019 1387 1017 1387 1015 1387 1013 1387 944 1400 944 1448" /></Shape>
	    <String CONTENT="clús la pedra no és igual  cantó llarg." HPOS="942" VPOS="1387" WIDTH="1662" HEIGHT="134" />
          </TextLine>

          
          
          <TextLine ID="eSc_line_765c3027" TAGREFS="LT3563" BASELINE="1108 1532 1801 1535 1891 1539 1946 1550 2078 1555 2156 1565 2569 1583 2741 1600" HPOS="1107" VPOS="1481" WIDTH="1634" HEIGHT="119">
            <Shape><Polygon POINTS="1108 1532 1107 1546 1166 1542 1222 1551 1254 1568 1255 1568 1291 1569 1292 1570 1325 1570 1325 1569 1327 1569 1368 1556 1407 1544 1542 1545 1581 1554 1582 1554 1583 1554 1599 1547 1850 1551 1900 1573 1922 1582 1923 1582 1924 1582 1958 1574 2027 1559 2047 1569 2048 1569 2136 1578 2138 1578 2207 1573 2263 1585 2286 1588 2287 1588 2305 1586 2351 1577 2375 1588 2377 1588 2378 1588 2379 1588 2389 1588 2479 1582 2500 1592 2504 1593 2506 1593 2700 1597 2741 1600 2741 1551 2580 1549 2569 1544 2554 1537 2553 1537 2552 1537 2550 1537 2536 1542 2523 1546 2444 1546 2428 1537 2405 1526 2403 1526 2402 1526 2401 1526 2375 1535 2355 1542 2179 1541 2134 1525 2115 1518 2113 1518 2112 1518 2019 1519 2002 1519 2000 1519 1968 1507 1967 1507 1965 1507 1889 1514 1868 1516 1857 1513 1797 1494 1795 1494 1794 1494 1710 1504 1609 1490 1544 1489 1542 1489 1541 1489 1518 1498 1514 1499 1512 1498 1485 1487 1484 1487 1438 1487 1436 1487 1435 1487 1416 1494 1380 1505 1356 1496 1355 1496 1353 1496 1265 1499 1222 1485 1212 1482 1210 1482 1108 1481 1108 1532" /></Shape>
	    <String CONTENT="En aquesta torre hi apareix en la darrera" HPOS="1107" VPOS="1481" WIDTH="1634" HEIGHT="119" />
          </TextLine>

          
          
          <TextLine ID="eSc_line_daf494aa" TAGREFS="LT3563" BASELINE="989 1633 1284 1622 1793 1625 1872 1634 2020 1636 2322 1654 2530 1680 2794 1694" HPOS="988" VPOS="1569" WIDTH="1806" HEIGHT="130">
            <Shape><Polygon POINTS="989 1633 988 1656 1080 1657 1081 1657 1230 1627 1284 1641 1286 1641 1287 1641 1288 1641 1320 1629 1397 1639 1398 1639 1596 1631 1671 1642 1673 1642 1780 1636 1812 1643 1813 1643 1815 1643 1848 1637 1940 1639 1974 1650 1975 1650 1977 1650 1978 1650 1995 1643 2093 1643 2134 1659 2135 1659 2136 1659 2199 1659 2225 1669 2226 1669 2227 1669 2315 1665 2410 1691 2411 1691 2790 1699 2794 1694 2794 1643 2398 1634 2374 1627 2304 1605 2302 1605 2301 1605 2300 1605 2249 1622 2246 1623 2181 1623 2107 1615 2067 1611 2013 1592 2011 1592 2010 1592 1941 1609 1901 1618 1872 1605 1829 1587 1827 1587 1826 1587 1688 1590 1660 1583 1659 1583 1657 1583 1656 1583 1620 1595 1613 1597 1603 1595 1564 1581 1563 1581 1562 1581 1457 1587 1420 1577 1419 1577 1417 1577 1416 1577 1390 1586 1346 1601 1288 1581 1283 1579 1282 1579 1281 1579 1273 1581 1216 1592 1176 1577 1170 1574 1168 1574 991 1569 989 1633" /></Shape>
	    <String CONTENT="filada de dalt de tot, el mateix espai lliure" HPOS="988" VPOS="1569" WIDTH="1806" HEIGHT="130" />
          </TextLine>

          
          
          <TextLine ID="eSc_line_d629ebbd" TAGREFS="LT3563" BASELINE="961 1735 1264 1720 1834 1709 2789 1767" HPOS="960" VPOS="1655" WIDTH="1828" HEIGHT="136">
            <Shape><Polygon POINTS="960 1733 967 1735 1170 1739 1172 1739 1174 1739 1220 1726 1328 1741 1329 1741 1418 1722 1489 1741 1490 1741 1492 1741 1590 1731 1609 1739 1611 1739 1613 1739 1615 1739 1651 1728 1736 1729 1810 1760 1818 1764 1820 1764 1822 1764 1841 1762 1989 1739 2234 1747 2284 1775 2292 1779 2293 1779 2401 1783 2403 1783 2405 1783 2416 1779 2445 1768 2525 1775 2527 1775 2571 1766 2604 1779 2606 1779 2608 1779 2610 1779 2648 1768 2681 1783 2682 1783 2684 1783 2686 1783 2717 1774 2736 1789 2738 1789 2740 1789 2742 1791 2786 1791 2788 1766 2786 1731 2590 1718 2548 1699 2546 1699 2544 1699 2543 1699 2493 1722 2491 1722 2441 1697 2439 1697 2437 1697 2435 1697 2433 1697 2422 1705 2389 1691 2387 1691 2385 1691 2292 1708 2205 1685 2203 1685 2140 1684 2138 1684 2136 1684 2134 1684 2109 1699 2048 1680 2046 1680 2044 1680 1939 1691 1876 1674 1874 1674 1872 1674 1870 1674 1826 1687 1763 1670 1761 1670 1759 1670 1632 1687 1582 1664 1581 1664 1579 1664 1450 1689 1443 1689 1439 1687 1421 1680 1420 1680 1418 1680 1318 1684 1266 1655 1264 1655 1262 1655 1260 1655 1180 1680 1178 1680 960 1674 960 1733" /></Shape>
	    <String CONTENT="de terra, entre els junts d’una filada i l’al-" HPOS="960" VPOS="1655" WIDTH="1828" HEIGHT="136" />
          </TextLine>

          
          
          <TextLine ID="eSc_line_aa2fa1cb" TAGREFS="LT3563" BASELINE="1025 1800 1124 1807 2138 1807 2758 1843" HPOS="1021" VPOS="1752" WIDTH="1736" HEIGHT="106">
            <Shape><Polygon POINTS="1023 1798 1021 1812 1075 1831 1077 1831 1078 1831 1080 1831 1115 1816 1126 1810 1216 1812 1234 1818 1283 1833 1285 1833 1287 1833 1406 1821 1504 1814 1699 1829 1701 1829 1703 1829 1705 1829 1751 1818 2019 1820 2073 1839 2100 1848 2102 1848 2236 1850 2238 1850 2240 1850 2253 1844 2265 1839 2295 1844 2320 1850 2322 1850 2324 1850 2326 1850 2332 1846 2353 1833 2374 1846 2383 1854 2385 1854 2387 1854 2389 1854 2391 1854 2412 1848 2472 1831 2533 1852 2548 1856 2550 1856 2552 1858 2755 1858 2757 1841 2757 1800 2566 1797 2564 1795 2550 1785 2548 1785 2546 1785 2544 1785 2543 1785 2525 1793 2521 1795 2290 1793 2270 1785 2221 1772 2219 1772 2217 1772 2163 1783 2152 1785 2142 1783 2108 1772 2106 1772 2104 1772 1973 1777 1966 1777 1962 1777 1897 1766 1895 1766 1856 1775 1835 1779 1820 1774 1801 1766 1799 1766 1697 1764 1696 1764 1694 1764 1680 1770 1651 1781 1554 1781 1527 1766 1519 1760 1517 1760 1515 1760 1513 1760 1512 1760 1494 1764 1450 1777 1289 1777 1239 1758 1237 1758 1236 1758 1170 1774 1157 1762 1155 1762 1153 1762 1023 1752 1023 1798" /></Shape>
	    <String CONTENT="tra.  Com els del mur gran de carreu," HPOS="1021" VPOS="1752" WIDTH="1736" HEIGHT="106" />
          </TextLine>

          
          
          <TextLine ID="eSc_line_ad74d115" TAGREFS="LT3563" BASELINE="1325 1896 1718 1874 1858 1879 2057 1904 2282 1906 2374 1918 2736 1929" HPOS="1324" VPOS="1841" WIDTH="1410" HEIGHT="99">
            <Shape><Polygon POINTS="1324 1894 1324 1908 1418 1898 1498 1912 1521 1915 1523 1915 1538 1913 1619 1896 1883 1896 1901 1910 1902 1910 1904 1910 1906 1910 1996 1904 2039 1921 2040 1921 2042 1921 2102 1921 2108 1923 2134 1938 2136 1938 2138 1940 2219 1940 2219 1938 2221 1938 2223 1938 2240 1927 2247 1921 2265 1927 2303 1938 2305 1938 2307 1938 2376 1929 2406 1925 2416 1929 2435 1940 2437 1940 2439 1940 2508 1931 2516 1931 2518 1931 2529 1940 2531 1940 2533 1940 2535 1940 2732 1934 2734 1927 2732 1883 2658 1883 2656 1881 2635 1866 2633 1866 2631 1866 2629 1866 2627 1866 2579 1879 2571 1883 2497 1883 2493 1879 2483 1869 2481 1869 2479 1869 2477 1869 2475 1869 2474 1869 2464 1879 2458 1881 2414 1877 2336 1871 2334 1871 2293 1875 2267 1879 2259 1875 2226 1860 2224 1860 2223 1860 2221 1860 2184 1875 2173 1879 2142 1873 2113 1869 2111 1869 2109 1869 2100 1873 2090 1879 2079 1873 2052 1856 2050 1856 2048 1856 1973 1844 1971 1844 1782 1852 1619 1843 1617 1843 1615 1843 1613 1843 1598 1854 1521 1843 1519 1843 1441 1858 1416 1841 1414 1841 1412 1841 1375 1841 1374 1841 1372 1841 1370 1841 1343 1864 1341 1864 1324 1864 1324 1894" /></Shape>
	    <String CONTENT="descobert en la campanya de 1946." HPOS="1324" VPOS="1841" WIDTH="1410" HEIGHT="99" />
          </TextLine>

          
          
          <TextLine ID="eSc_line_5026c150" TAGREFS="LT3563" BASELINE="1394 1978 1822 1972 1990 1977 2107 1989 2530 1998 2808 2012" HPOS="1393" VPOS="1931" WIDTH="1415" HEIGHT="98">
            <Shape><Polygon POINTS="1393 1984 1408 1992 1410 1992 1411 1993 1467 1993 1467 1992 1468 1992 1490 1986 1502 1983 1511 1987 1573 2012 1574 2012 1576 2014 1623 2014 1623 2012 1624 2012 1674 1992 1688 1986 1712 1986 1955 1988 1981 2001 2023 2019 2024 2019 2055 2020 2056 2021 2106 2021 2106 2020 2166 2006 2191 2000 2225 2007 2236 2010 2237 2010 2239 2010 2245 2009 2255 2005 2265 2009 2304 2024 2305 2024 2406 2025 2407 2025 2409 2025 2442 2014 2462 2006 2497 2006 2619 2019 2645 2021 2646 2021 2661 2020 2705 2016 2720 2023 2738 2029 2739 2029 2741 2029 2807 2024 2808 2012 2807 1972 2698 1964 2697 1964 2633 1966 2576 1968 2569 1964 2548 1952 2546 1952 2545 1952 2544 1952 2518 1963 2517 1963 2469 1946 2467 1946 2466 1946 2417 1955 2383 1945 2382 1945 2380 1945 2379 1945 2343 1957 2325 1964 2301 1956 2264 1945 2263 1945 2262 1945 2260 1945 2228 1954 2203 1963 2140 1963 2111 1961 2092 1950 2085 1947 2084 1947 2083 1947 2044 1949 2018 1950 2007 1947 1972 1938 1970 1938 1969 1938 1936 1946 1891 1956 1838 1943 1834 1942 1832 1942 1831 1942 1821 1942 1740 1949 1669 1938 1634 1933 1563 1933 1562 1933 1560 1933 1554 1934 1499 1951 1457 1932 1453 1931 1452 1931 1394 1931 1394 1978" /></Shape>
	    <String CONTENT="la separació d’aquestes filades és de" HPOS="1393" VPOS="1931" WIDTH="1415" HEIGHT="98" />
          </TextLine>

          
          
          <TextLine ID="eSc_line_2a0e060f" TAGREFS="LT3563" BASELINE="1324 2066 1707 2075" HPOS="1322" VPOS="2023" WIDTH="383" HEIGHT="69">
            <Shape><Polygon POINTS="1322 2065 1322 2084 1354 2074 1425 2084 1475 2090 1477 2090 1479 2090 1481 2090 1489 2084 1494 2078 1527 2082 1594 2092 1596 2092 1703 2080 1705 2074 1703 2049 1617 2032 1615 2032 1613 2032 1611 2032 1592 2046 1584 2048 1498 2048 1494 2042 1481 2025 1479 2025 1479 2023 1477 2023 1475 2023 1408 2023 1406 2023 1404 2023 1402 2023 1381 2038 1374 2042 1322 2036 1322 2065" /></Shape>
	    <String CONTENT="0’12 m." HPOS="1322" VPOS="2023" WIDTH="383" HEIGHT="69" />
          </TextLine>

          
          
          <TextLine ID="eSc_line_dca78bbf" TAGREFS="LT3563" BASELINE="1209 2145 1443 2148 1900 2135 2788 2148" HPOS="1208" VPOS="2080" WIDTH="1580" HEIGHT="84">
            <Shape><Polygon POINTS="1209 2145 1208 2157 1277 2158 1278 2158 1279 2158 1281 2158 1302 2149 1324 2158 1325 2158 1327 2158 1328 2159 1551 2159 1551 2158 1553 2158 1586 2145 1674 2145 1721 2157 1723 2157 1724 2157 1776 2145 1880 2145 1949 2149 1974 2159 1979 2162 1981 2162 1982 2163 2013 2163 2013 2162 2014 2162 2020 2161 2060 2147 2101 2147 2128 2161 2131 2162 2133 2162 2134 2162 2135 2162 2142 2161 2185 2148 2230 2161 2235 2162 2236 2162 2237 2162 2244 2161 2297 2148 2417 2158 2419 2158 2477 2152 2495 2159 2497 2159 2498 2159 2606 2154 2629 2162 2637 2164 2638 2164 2640 2164 2655 2162 2695 2155 2785 2162 2788 2148 2787 2108 2631 2116 2606 2106 2578 2093 2577 2093 2539 2088 2368 2088 2366 2088 2365 2088 2325 2102 2291 2113 2271 2104 2269 2104 2268 2104 2214 2106 2200 2099 2171 2086 2170 2086 1993 2085 1992 2085 1991 2085 1954 2097 1905 2111 1866 2099 1864 2099 1863 2099 1783 2104 1761 2094 1753 2090 1752 2090 1723 2090 1721 2090 1720 2090 1714 2093 1689 2104 1656 2098 1655 2098 1654 2098 1629 2109 1544 2098 1542 2098 1484 2109 1313 2109 1253 2086 1235 2080 1233 2080 1232 2080 1231 2080 1209 2085 1209 2145" /></Shape>
	    <String CONTENT="En aquesta cata em fet forces troballes de" HPOS="1208" VPOS="2080" WIDTH="1580" HEIGHT="84" />
          </TextLine>

          
          
          <TextLine ID="eSc_line_b303e3a8" TAGREFS="LT3563" BASELINE="998 2209 1836 2207 1921 2200 2198 2210 2810 2207" HPOS="997" VPOS="2162" WIDTH="1813" HEIGHT="73">
            <Shape><Polygon POINTS="998 2209 998 2235 1152 2233 1153 2233 1196 2221 1226 2227 1227 2227 1287 2215 1374 2223 1375 2223 1440 2215 1481 2228 1482 2228 1484 2228 1569 2215 1633 2226 1634 2226 1636 2226 1677 2215 1786 2230 1808 2232 1809 2232 1825 2230 1900 2214 2107 2214 2194 2227 2209 2228 2211 2228 2223 2227 2262 2221 2291 2226 2309 2230 2310 2230 2332 2226 2396 2214 2476 2224 2497 2227 2641 2231 2642 2231 2808 2222 2810 2207 2806 2162 2707 2180 2664 2167 2663 2167 2661 2167 2660 2167 2608 2186 2430 2186 2405 2178 2403 2178 2402 2178 2347 2187 2167 2187 2034 2163 2032 2163 1917 2163 1915 2163 1913 2163 1872 2171 1846 2164 1845 2164 1844 2164 1843 2164 1780 2184 1627 2176 1626 2176 1624 2176 1599 2187 1546 2187 1465 2176 1463 2176 1462 2176 1424 2187 1368 2186 1279 2164 1277 2164 1276 2164 1274 2164 1273 2164 1198 2184 1150 2181 1113 2164 1112 2164 1111 2164 1109 2164 997 2164 998 2209" /></Shape>
	    <String CONTENT="fragments de ceràmica que detallarem més endavant. " HPOS="997" VPOS="2162" WIDTH="1813" HEIGHT="73" />
          </TextLine>

          
        </TextBlock>
        
      </PrintSpace>
    </Page>
  </Layout>
</alto>