<?xml version='1.0' encoding='utf-8'?>
<alto xmlns="http://www.loc.gov/standards/alto/ns-v4#" xmlns:xsi="http://www.w3.org/2001/XMLSchema-instance" xsi:schemaLocation="http://www.loc.gov/standards/alto/ns-v4# http://www.loc.gov/standards/alto/v4/alto-4-2.xsd">
  <Description>
    <MeasurementUnit>pixel</MeasurementUnit>
    <sourceImageInformation>
      <fileName>Diari_excavacio_Oliva_vol_I_PSA_1947_0014.pdf_page_1.png</fileName>
      <fileIdentifier>pdf//Diari_excavacio_Oliva_vol_I_PSA_1947_0014.pdf</fileIdentifier>
    </sourceImageInformation>
  </Description>
  
  <Tags>
    <OtherTag ID="BT10558" LABEL="Page" DESCRIPTION="block type Page" /><OtherTag ID="BT9538" LABEL="text" DESCRIPTION="block type text" /><OtherTag ID="BT4" LABEL="Illustration" DESCRIPTION="block type Illustration" /><OtherTag ID="BT3" LABEL="Commentary" DESCRIPTION="block type Commentary" /><OtherTag ID="BT2" LABEL="Main" DESCRIPTION="block type Main" /><OtherTag ID="BT1" LABEL="Title" DESCRIPTION="block type Title" />
    <OtherTag ID="LT2" LABEL="Numbering" DESCRIPTION="line type Numbering" /><OtherTag ID="LT3563" LABEL="default" DESCRIPTION="line type default" />
  </Tags>
  
  <Layout>
    <Page WIDTH="2976" HEIGHT="2282" PHYSICAL_IMG_NR="12" ID="eSc_dummypage_">
      <PrintSpace HPOS="0" VPOS="0" WIDTH="2976" HEIGHT="2282">
        
        <TextBlock HPOS="2749" VPOS="56" WIDTH="68" HEIGHT="69" ID="eSc_textblock_88c05f07" TAGREFS="BT10558">
          <Shape><Polygon POINTS="2749 56 2749 125 2817 125 2817 56" /></Shape>
          
          
          <TextLine ID="eSc_line_ffce2bcb" TAGREFS="LT2" BASELINE="2758 80 2813 87" HPOS="2753" VPOS="57" WIDTH="59" HEIGHT="70">
            <Shape><Polygon POINTS="2797 57 2778 57 2759 57 2757 79 2753 106 2804 127 2812 85 2808 60 2797 57" /></Shape>
	    <String CONTENT="14" HPOS="2753" VPOS="57" WIDTH="59" HEIGHT="70" />
          </TextLine>

          
        </TextBlock>
        
        <TextBlock HPOS="137" VPOS="61" WIDTH="2393" HEIGHT="130" ID="eSc_textblock_b66f9120" TAGREFS="BT9538">
          <Shape><Polygon POINTS="137 61 137 191 2530 191 2530 61" /></Shape>
          
          
          <TextLine ID="eSc_line_167e8af5" TAGREFS="LT3563" BASELINE="148 120 1812 107 2512 111" HPOS="144" VPOS="62" WIDTH="2367" HEIGHT="120">
            <Shape><Polygon POINTS="2351 62 2332 62 2323 62 2290 76 2287 76 2271 76 2112 64 2110 64 2058 76 2047 79 1824 79 1815 76 1748 62 1746 62 1672 77 1653 79 1623 77 1497 64 1495 64 1430 77 1409 81 1394 77 1360 66 1358 66 1168 66 1166 66 1116 77 1092 83 1059 77 998 68 997 68 995 68 955 77 941 83 778 85 700 79 589 70 587 70 515 79 458 87 403 79 344 72 342 72 291 79 247 87 144 81 146 119 146 182 298 182 300 182 350 165 464 161 525 180 527 180 528 180 580 178 582 178 620 161 839 178 841 178 917 161 962 169 964 169 1118 157 1234 157 1265 171 1267 171 1269 171 1423 157 1634 174 1636 174 1767 154 1997 173 2003 173 2005 173 2007 173 2091 152 2224 169 2226 169 2321 159 2509 169 2511 110 2509 76 2353 62 2351 62" /></Shape>
	    <String CONTENT="Troballes fetes en els estrats d’aquest angle de cabana." HPOS="144" VPOS="62" WIDTH="2367" HEIGHT="120" />
          </TextLine>

          
        </TextBlock>
        

        
      </PrintSpace>
    </Page>
  </Layout>
</alto>