<?xml version='1.0' encoding='utf-8'?>
<alto xmlns="http://www.loc.gov/standards/alto/ns-v4#" xmlns:xsi="http://www.w3.org/2001/XMLSchema-instance" xsi:schemaLocation="http://www.loc.gov/standards/alto/ns-v4# http://www.loc.gov/standards/alto/v4/alto-4-2.xsd">
  <Description>
    <MeasurementUnit>pixel</MeasurementUnit>
    <sourceImageInformation>
      <fileName>Diari_excavacio_Oliva_vol_I_PSA_1947_0061.pdf_page_1.png</fileName>
      <fileIdentifier>pdf//Diari_excavacio_Oliva_vol_I_PSA_1947_0061.pdf</fileIdentifier>
    </sourceImageInformation>
  </Description>
  
  <Tags>
    <OtherTag ID="BT10558" LABEL="Page" DESCRIPTION="block type Page" /><OtherTag ID="BT9538" LABEL="text" DESCRIPTION="block type text" /><OtherTag ID="BT4" LABEL="Illustration" DESCRIPTION="block type Illustration" /><OtherTag ID="BT3" LABEL="Commentary" DESCRIPTION="block type Commentary" /><OtherTag ID="BT2" LABEL="Main" DESCRIPTION="block type Main" /><OtherTag ID="BT1" LABEL="Title" DESCRIPTION="block type Title" />
    <OtherTag ID="LT2" LABEL="Numbering" DESCRIPTION="line type Numbering" /><OtherTag ID="LT3563" LABEL="default" DESCRIPTION="line type default" />
  </Tags>
  
  <Layout>
    <Page WIDTH="2866" HEIGHT="2244" PHYSICAL_IMG_NR="48" ID="eSc_dummypage_">
      <PrintSpace HPOS="0" VPOS="0" WIDTH="2866" HEIGHT="2244">
        
        <TextBlock HPOS="2726" VPOS="30" WIDTH="83" HEIGHT="77" ID="eSc_textblock_81eb5778" TAGREFS="BT10558">
          <Shape><Polygon POINTS="2809 30 2809 107 2726 107 2726 30" /></Shape>
          
          
          <TextLine ID="eSc_line_1071b5ab" TAGREFS="LT2" BASELINE="2734 65 2802 74" HPOS="2729" VPOS="31" WIDTH="73" HEIGHT="68">
            <Shape><Polygon POINTS="2755 31 2736 31 2733 63 2729 80 2793 99 2800 72 2802 37 2757 31 2755 31" /></Shape>
	    <String CONTENT="61" HPOS="2729" VPOS="31" WIDTH="73" HEIGHT="68" />
          </TextLine>

          
        </TextBlock>
        
        <TextBlock HPOS="81" VPOS="27" WIDTH="2636" HEIGHT="181" ID="eSc_textblock_ad853fbc" TAGREFS="BT9538">
          <Shape><Polygon POINTS="81 27 81 208 2717 208 2717 27" /></Shape>
          
          
          <TextLine ID="eSc_line_0243e1aa" BASELINE="113 67 2280 76 2717 109" HPOS="110" VPOS="28" WIDTH="2606" HEIGHT="101">
            <Shape><Polygon POINTS="1382 28 1363 28 1345 28 1326 28 1307 28 1288 28 1270 28 1268 28 1201 41 1187 43 1178 41 1146 29 1144 29 1143 29 1036 39 991 43 965 39 907 28 896 28 877 28 866 28 815 37 791 41 750 37 673 28 671 28 652 28 634 28 615 28 596 28 578 28 559 28 540 28 521 28 503 28 484 28 469 28 456 33 452 37 319 37 299 31 284 28 278 28 260 28 241 28 222 28 203 28 185 28 166 28 157 28 112 29 112 65 110 102 127 112 129 112 130 114 265 114 265 112 267 112 293 102 318 95 467 95 499 104 527 114 529 114 632 115 634 115 716 114 718 114 738 108 774 97 894 110 957 115 959 115 961 115 982 110 1008 104 1159 112 1167 112 1169 112 1178 112 1627 102 1687 115 1689 115 1870 104 1921 121 1934 125 1936 125 2239 127 2241 127 2259 125 2319 115 2536 127 2570 129 2572 129 2579 129 2637 115 2712 129 2716 108 2714 56 2362 54 2359 52 2314 35 2312 35 2310 35 2308 35 2259 50 2252 52 2237 50 2128 33 2127 33 1919 43 1612 29 1610 29 1520 44 1498 46 1434 46 1427 43 1384 28 1382 28" /></Shape>
	    <String CONTENT="Perfil de les dues cabanes de S.E, en l’estat actual de les excava-" HPOS="110" VPOS="28" WIDTH="2606" HEIGHT="101" />
          </TextLine>

          
          
          <TextLine ID="eSc_line_00c6d598" BASELINE="90 150 1066 148 1233 168" HPOS="87" VPOS="112" WIDTH="1145" HEIGHT="82">
            <Shape><Polygon POINTS="89 149 87 183 102 192 104 192 106 192 108 192 110 192 142 181 162 173 196 181 250 192 252 192 254 192 256 192 269 181 284 168 323 181 361 192 362 192 364 192 420 181 482 168 551 181 559 181 561 181 563 181 564 181 585 168 671 168 692 181 694 181 695 181 697 181 710 181 826 168 845 181 862 192 864 192 866 192 868 194 1103 194 1103 192 1105 192 1135 181 1157 172 1229 179 1232 166 1230 127 1137 127 1109 112 1107 112 1105 112 940 125 819 112 817 112 815 112 813 112 793 127 752 127 716 114 714 114 712 114 665 123 557 112 555 112 553 112 525 125 389 114 387 114 385 114 383 114 364 127 218 127 147 112 145 112 89 125 89 149" /></Shape>
	    <String CONTENT="cions, avui, 1r de desembre." HPOS="87" VPOS="112" WIDTH="1145" HEIGHT="82" />
          </TextLine>

          
        </TextBlock>
        
        <TextBlock HPOS="47" VPOS="294" WIDTH="2648" HEIGHT="919" ID="eSc_textblock_4a9860f7" TAGREFS="BT4">
          <Shape><Polygon POINTS="56 312 47 1067 1100 1067 1316 1213 1629 1067 2688 1067 2695 294" /></Shape>
          
        </TextBlock>
        
        <TextBlock HPOS="277" VPOS="217" WIDTH="1260" HEIGHT="92" ID="eSc_textblock_ab4d50f9" TAGREFS="BT3">
          <Shape><Polygon POINTS="279 223 277 309 1537 300 1537 217" /></Shape>
          
        </TextBlock>
        
        <TextBlock HPOS="1744" VPOS="1072" WIDTH="772" HEIGHT="193" ID="eSc_textblock_9a96dd8a" TAGREFS="BT3">
          <Shape><Polygon POINTS="1744 1072 1744 1265 2516 1265 2516 1072" /></Shape>
          
        </TextBlock>
        
        <TextBlock HPOS="55" VPOS="1193" WIDTH="2705" HEIGHT="1025" ID="eSc_textblock_ab7a5ce3" TAGREFS="BT4">
          <Shape><Polygon POINTS="55 1193 55 2218 2760 2218 2760 1319 1344 1273 1253 1193" /></Shape>
          
        </TextBlock>
        

        
      </PrintSpace>
    </Page>
  </Layout>
</alto>