<?xml version='1.0' encoding='utf-8'?>
<alto xmlns="http://www.loc.gov/standards/alto/ns-v4#" xmlns:xsi="http://www.w3.org/2001/XMLSchema-instance" xsi:schemaLocation="http://www.loc.gov/standards/alto/ns-v4# http://www.loc.gov/standards/alto/v4/alto-4-2.xsd">
  <Description>
    <MeasurementUnit>pixel</MeasurementUnit>
    <sourceImageInformation>
      <fileName>Diari_excavacio_Oliva_vol_I_PSA_1947_0075.pdf_page_1.png</fileName>
      <fileIdentifier>pdf//Diari_excavacio_Oliva_vol_I_PSA_1947_0075.pdf</fileIdentifier>
    </sourceImageInformation>
  </Description>
  
  <Tags>
    <OtherTag ID="BT10558" LABEL="Page" DESCRIPTION="block type Page" /><OtherTag ID="BT9538" LABEL="text" DESCRIPTION="block type text" /><OtherTag ID="BT4" LABEL="Illustration" DESCRIPTION="block type Illustration" /><OtherTag ID="BT3" LABEL="Commentary" DESCRIPTION="block type Commentary" /><OtherTag ID="BT2" LABEL="Main" DESCRIPTION="block type Main" /><OtherTag ID="BT1" LABEL="Title" DESCRIPTION="block type Title" />
    <OtherTag ID="LT2" LABEL="Numbering" DESCRIPTION="line type Numbering" /><OtherTag ID="LT3563" LABEL="default" DESCRIPTION="line type default" />
  </Tags>
  
  <Layout>
    <Page WIDTH="2823" HEIGHT="2241" PHYSICAL_IMG_NR="69" ID="eSc_dummypage_">
      <PrintSpace HPOS="0" VPOS="0" WIDTH="2823" HEIGHT="2241">
        
        <TextBlock HPOS="47" VPOS="20" WIDTH="2338" HEIGHT="135" ID="eSc_textblock_2d51ad7e" TAGREFS="BT9538">
          <Shape><Polygon POINTS="47 20 47 147 2385 155 2385 20" /></Shape>
          
          
          <TextLine ID="eSc_line_f8138f35" TAGREFS="LT3563" BASELINE="95 83 644 82 2057 92" HPOS="91" VPOS="28" WIDTH="1965" HEIGHT="110">
            <Shape><Polygon POINTS="93 82 91 132 539 134 541 134 603 126 646 123 657 126 680 136 681 136 683 136 816 126 1018 138 1020 138 1021 138 1068 123 1115 106 1350 115 1352 115 1474 108 1496 117 1502 119 1503 119 1505 119 1569 115 1694 110 1709 115 1726 121 1728 121 1730 121 2055 110 2056 91 2053 54 2000 54 1997 52 1972 39 1971 39 1885 39 1883 39 1881 39 1847 50 1834 54 1821 50 1786 39 1784 39 1782 39 1703 48 1668 52 1649 48 1616 39 1614 39 1612 39 1610 39 1595 46 1586 52 1461 44 1376 41 1375 41 1319 42 1188 50 1152 41 1124 33 1122 33 1120 33 1076 41 1021 48 777 35 676 31 674 31 620 33 437 44 401 31 397 29 396 29 315 28 313 28 291 29 175 42 93 28 93 82" /></Shape>
	    <String CONTENT="Troballes del primer estrat, ampliació 2ª, cata del S.O." HPOS="91" VPOS="28" WIDTH="1965" HEIGHT="110" />
          </TextLine>

          
        </TextBlock>
        
        <TextBlock HPOS="2413" VPOS="18" WIDTH="264" HEIGHT="130" ID="eSc_textblock_8f0a2774" TAGREFS="BT3">
          <Shape><Polygon POINTS="2413 18 2413 148 2677 148 2677 18" /></Shape>
          
          
          <TextLine ID="eSc_line_bca07b14" TAGREFS="LT3563" BASELINE="2415 48 2661 67" HPOS="2411" VPOS="18" WIDTH="249" HEIGHT="90">
            <Shape><Polygon POINTS="2598 18 2596 18 2595 18 2589 20 2572 28 2565 20 2565 18 2563 18 2546 18 2544 18 2531 20 2509 22 2505 18 2490 18 2469 18 2451 18 2432 18 2413 46 2411 80 2501 74 2518 93 2524 97 2524 98 2525 98 2527 98 2559 102 2561 102 2563 102 2572 98 2608 84 2652 108 2660 65 2656 22 2619 31 2604 20 2602 18 2600 18" /></Shape>
	    <String CONTENT="Dibuixats" HPOS="2411" VPOS="18" WIDTH="249" HEIGHT="90" />
          </TextLine>

          
          
          <TextLine ID="eSc_line_2291f8d4" TAGREFS="LT3563" BASELINE="2423 111 2603 128" HPOS="2417" VPOS="78" WIDTH="185" HEIGHT="78">
            <Shape><Polygon POINTS="2417 132 2580 156 2581 156 2583 156 2598 147 2602 126 2602 91 2570 85 2568 85 2567 85 2559 89 2544 97 2527 87 2507 78 2505 78 2503 78 2501 78 2499 78 2486 87 2481 89 2421 85 2421 110" /></Shape>
	    <String CONTENT="a tinta" HPOS="2417" VPOS="78" WIDTH="185" HEIGHT="78" />
          </TextLine>

          
        </TextBlock>
        
        <TextBlock HPOS="2693" VPOS="32" WIDTH="95" HEIGHT="88" ID="eSc_textblock_1fdb9abd" TAGREFS="BT10558">
          <Shape><Polygon POINTS="2693 32 2693 120 2788 120 2788 32" /></Shape>
          
        </TextBlock>
        
        <TextBlock HPOS="49" VPOS="162" WIDTH="2740" HEIGHT="2021" ID="eSc_textblock_de83fe98" TAGREFS="BT4">
          <Shape><Polygon POINTS="49 162 51 2183 2789 2183 2779 167" /></Shape>
          
        </TextBlock>
        

        
        <TextBlock ID="eSc_dummyblock_">
          
          
          <TextLine ID="eSc_line_693b5b4e" TAGREFS="LT2" BASELINE="2688 74 2781 74" HPOS="2686" VPOS="24" WIDTH="94" HEIGHT="88">
            <Shape><Polygon POINTS="2686 72 2686 106 2778 112 2780 72 2780 35 2686 24 2686 72" /></Shape>
	    <String CONTENT="75" HPOS="2686" VPOS="24" WIDTH="94" HEIGHT="88" />
          </TextLine>

          
        </TextBlock>
        
      </PrintSpace>
    </Page>
  </Layout>
</alto>