<?xml version='1.0' encoding='utf-8'?>
<alto xmlns="http://www.loc.gov/standards/alto/ns-v4#" xmlns:xsi="http://www.w3.org/2001/XMLSchema-instance" xsi:schemaLocation="http://www.loc.gov/standards/alto/ns-v4# http://www.loc.gov/standards/alto/v4/alto-4-2.xsd">
  <Description>
    <MeasurementUnit>pixel</MeasurementUnit>
    <sourceImageInformation>
      <fileName>Diari_excavacio_Oliva_vol_I_PSA_1947_0011.pdf_page_1.png</fileName>
      <fileIdentifier>pdf//Diari_excavacio_Oliva_vol_I_PSA_1947_0011.pdf</fileIdentifier>
    </sourceImageInformation>
  </Description>
  
  <Tags>
    <OtherTag ID="BT10558" LABEL="Page" DESCRIPTION="block type Page" /><OtherTag ID="BT9538" LABEL="text" DESCRIPTION="block type text" /><OtherTag ID="BT4" LABEL="Illustration" DESCRIPTION="block type Illustration" /><OtherTag ID="BT3" LABEL="Commentary" DESCRIPTION="block type Commentary" /><OtherTag ID="BT2" LABEL="Main" DESCRIPTION="block type Main" /><OtherTag ID="BT1" LABEL="Title" DESCRIPTION="block type Title" />
    <OtherTag ID="LT2" LABEL="Numbering" DESCRIPTION="line type Numbering" /><OtherTag ID="LT3563" LABEL="default" DESCRIPTION="line type default" />
  </Tags>
  
  <Layout>
    <Page WIDTH="2932" HEIGHT="2348" PHYSICAL_IMG_NR="10" ID="eSc_dummypage_">
      <PrintSpace HPOS="0" VPOS="0" WIDTH="2932" HEIGHT="2348">
        
        <TextBlock HPOS="2761" VPOS="109" WIDTH="81" HEIGHT="43" ID="eSc_textblock_f91ac1bc" TAGREFS="BT10558">
          <Shape><Polygon POINTS="2761 109 2761 152 2842 152 2842 109" /></Shape>
          
          
          <TextLine ID="eSc_line_f8374d56" TAGREFS="LT2" BASELINE="2766 136 2845 136" HPOS="2765" VPOS="109" WIDTH="78" HEIGHT="63">
            <Shape><Polygon POINTS="2804 109 2785 109 2765 109 2765 135 2765 172 2843 152 2843 135 2824 109 2804 109" /></Shape>
	    <String CONTENT="11" HPOS="2765" VPOS="109" WIDTH="78" HEIGHT="63" />
          </TextLine>

          
        </TextBlock>
        
        <TextBlock HPOS="78" VPOS="1069" WIDTH="1290" HEIGHT="1235" ID="eSc_textblock_ad7dabdc" TAGREFS="BT4">
          <Shape><Polygon POINTS="90 1069 79 2268 78 2290 1226 2304 1368 2068 1367 1939 1341 1850 1214 1405 1056 1080" /></Shape>
          
          
          <TextLine ID="eSc_line_0a4d13fe" BASELINE="197 1313 485 1229" HPOS="174" VPOS="1166" WIDTH="319" HEIGHT="199">
            <Shape><Polygon POINTS="211 1365 313 1332 315 1332 315 1330 319 1326 348 1297 418 1277 448 1279 469 1281 471 1281 473 1281 475 1281 475 1279 493 1262 483 1228 465 1177 418 1191 412 1189 348 1166 346 1166 344 1166 342 1166 299 1179 297 1179 297 1181 295 1181 295 1183 283 1205 252 1220 230 1213 229 1213 227 1213 225 1213 223 1213 174 1242 195 1312" /></Shape>
	    <String CONTENT="Testar" HPOS="174" VPOS="1166" WIDTH="319" HEIGHT="199" />
          </TextLine>

          
        </TextBlock>
        
        <TextBlock HPOS="1772" VPOS="1113" WIDTH="1096" HEIGHT="1214" ID="eSc_textblock_14a8e5d2" TAGREFS="BT4">
          <Shape><Polygon POINTS="1772 1113 1780 2327 2868 2327 2868 1113" /></Shape>
          
          
          <TextLine ID="eSc_line_d6440ddc" TAGREFS="LT3563" BASELINE="2671 1148 2775 1168" HPOS="2663" VPOS="1113" WIDTH="116" HEIGHT="78">
            <Shape><Polygon POINTS="2734 1113 2714 1113 2695 1113 2675 1113 2669 1146 2663 1181 2702 1174 2706 1179 2712 1189 2714 1189 2714 1191 2716 1191 2718 1191 2720 1191 2722 1191 2769 1175 2773 1166 2779 1127 2751 1113 2734 1113" /></Shape>
	    <String CONTENT="No" HPOS="2663" VPOS="1113" WIDTH="116" HEIGHT="78" />
          </TextLine>

          
        </TextBlock>
        
        <TextBlock HPOS="1381" VPOS="1098" WIDTH="349" HEIGHT="1251" ID="eSc_textblock_ab875df7" TAGREFS="BT3">
          <Shape><Polygon POINTS="1411 1098 1397 1600 1381 2164 1411 2349 1730 2349 1730 1098" /></Shape>
          
        </TextBlock>
        
        <TextBlock HPOS="108" VPOS="77" WIDTH="2768" HEIGHT="1020" ID="eSc_textblock_84aa1143" TAGREFS="BT9538">
          <Shape><Polygon POINTS="112 188 108 1049 2854 1097 2876 168 2726 161 2704 132 1150 87 138 77" /></Shape>
          
        </TextBlock>
        

        
        <TextBlock ID="eSc_dummyblock_">
          
          
          <TextLine ID="eSc_line_d02f704e" TAGREFS="LT3563" BASELINE="194 129 603 126 1042 147 1179 123 1596 147 1613 151 2232 161 2481 170 2849 195" HPOS="193" VPOS="80" WIDTH="2654" HEIGHT="131">
            <Shape><Polygon POINTS="193 127 193 138 606 138 638 150 640 150 641 150 974 160 976 160 984 160 1103 144 1240 164 1242 164 1309 150 1483 170 1485 170 1622 160 1689 180 1691 180 1693 180 1695 181 1728 181 1765 181 1765 180 1767 180 1804 166 1859 180 1861 180 1863 180 1865 180 1912 168 2843 211 2847 193 2845 158 2530 150 2528 148 2448 127 2446 127 2444 127 2194 136 2102 119 2100 119 2098 119 2055 131 1976 113 1875 111 1873 111 1871 111 1830 127 1781 107 1779 107 1777 107 1775 107 1722 125 1661 125 1604 125 1601 123 1554 101 1552 101 1550 101 1466 111 1176 90 1174 90 1056 109 1045 109 947 107 943 105 904 86 902 86 900 86 784 101 777 101 765 99 643 82 641 82 563 93 518 80 516 80 514 80 512 80 477 91 193 86 193 127" /></Shape>
	    <String CONTENT="Dia 21 de Novembre. Pel matí, amb 5 homes continuem ex-" HPOS="193" VPOS="80" WIDTH="2654" HEIGHT="131" />
          </TextLine>

          
          
          <TextLine ID="eSc_line_409d0e90" TAGREFS="LT3563" BASELINE="135 223 358 216 1107 217 1580 234 2098 238 2340 246 2423 255" HPOS="134" VPOS="164" WIDTH="2289" HEIGHT="91">
            <Shape><Polygon POINTS="135 223 134 229 926 229 994 237 995 237 1047 230 1093 238 1094 238 1096 238 1122 232 1299 232 1363 243 1375 245 1376 245 1389 243 1430 238 1517 245 1551 247 1552 249 1651 249 1651 247 1658 247 1705 238 1807 249 1825 250 1826 251 1925 251 1925 250 1928 250 1975 241 2053 251 2065 253 2066 253 2087 253 2196 246 2219 254 2220 254 2222 254 2410 255 2423 255 2420 213 2306 204 2266 190 2265 190 2263 190 2190 208 2188 208 2184 208 2125 190 2124 190 2122 190 2121 190 2070 206 2049 211 1868 210 1843 200 1824 194 1822 194 1821 194 1820 194 1800 199 1771 208 1730 208 1700 198 1675 189 1674 189 1672 189 1671 189 1642 196 1603 206 1452 206 1419 196 1418 196 1417 196 1341 202 1287 189 1243 177 1242 177 1146 174 1145 174 1041 183 1029 183 1011 182 940 176 939 176 909 180 803 198 669 174 640 170 639 170 638 170 625 174 559 193 515 178 514 178 512 178 444 186 394 169 386 166 384 166 135 164 135 223" /></Shape>
	    <String CONTENT="cavant al lloc esllavissat, començat ahir a la tarda. A darrera" HPOS="134" VPOS="164" WIDTH="2289" HEIGHT="91" />
          </TextLine>

          
          
          <TextLine ID="eSc_line_e2958a85" TAGREFS="LT3563" BASELINE="2653 212 2855 264" HPOS="2646" VPOS="183" WIDTH="207" HEIGHT="104">
            <Shape><Polygon POINTS="2652 211 2646 238 2689 238 2843 287 2853 262 2853 234 2656 183 2652 211" /></Shape>
	    <String CONTENT="darrera" HPOS="2646" VPOS="183" WIDTH="207" HEIGHT="104" />
          </TextLine>

          
          
          <TextLine ID="eSc_line_1cf5bc43" TAGREFS="LT3563" BASELINE="2526 260 2644 257 2849 305" HPOS="2522" VPOS="221" WIDTH="327" HEIGHT="109">
            <Shape><Polygon POINTS="2524 258 2522 268 2564 283 2565 283 2567 283 2569 283 2577 279 2599 270 2632 289 2634 289 2636 289 2722 291 2759 311 2761 311 2763 311 2765 311 2781 305 2789 320 2791 320 2791 322 2793 322 2794 322 2841 330 2847 303 2849 275 2697 234 2695 234 2530 221 2524 258" /></Shape>
	    <String CONTENT="a darrera" HPOS="2522" VPOS="221" WIDTH="327" HEIGHT="109" />
          </TextLine>

          
          
          <TextLine ID="eSc_line_3a88049e" TAGREFS="LT3563" BASELINE="129 294 713 292 1876 311 2172 323 2402 339 2773 368 2819 372" HPOS="125" VPOS="236" WIDTH="2693" HEIGHT="135">
            <Shape><Polygon POINTS="127 293 125 311 548 301 659 324 687 330 688 330 724 326 759 322 775 328 788 332 790 332 792 334 859 334 859 332 861 332 870 330 941 309 1019 322 1021 322 1076 311 1203 324 1205 324 1207 324 1240 315 1360 326 1362 326 1411 318 1440 330 1442 330 1444 330 1446 330 1469 320 1738 332 1740 332 1802 324 2015 332 2055 348 2057 348 2059 348 2196 340 2344 361 2352 361 2769 369 2818 371 2818 311 2714 299 2712 299 2581 303 2517 305 2499 301 2470 293 2468 293 2466 293 2407 299 2378 301 2366 297 2327 283 2325 283 2323 283 2321 283 2280 295 2264 299 2231 293 2190 287 2188 287 2160 291 2131 297 2094 289 2006 271 1867 271 1865 271 1863 271 1826 283 1814 285 1790 281 1700 266 1698 266 1601 275 1581 277 1546 275 1395 260 1393 260 1342 270 1297 277 1223 266 1205 264 1203 264 1176 264 1039 271 968 260 966 260 892 270 853 256 851 256 849 256 847 256 806 266 759 254 741 248 739 248 737 248 712 252 636 264 567 248 549 244 448 242 446 242 426 244 285 262 127 236 127 293" /></Shape>
	    <String CONTENT="hora d’ahir aparegueren uns estrats ben determinats, que es tro-" HPOS="125" VPOS="236" WIDTH="2693" HEIGHT="135" />
          </TextLine>

          
          
          <TextLine ID="eSc_line_e1851b5d" TAGREFS="LT3563" BASELINE="108 378 514 373 568 367 857 387 1053 388 1253 403 1930 404 2364 434 2559 452 2852 479" HPOS="105" VPOS="318" WIDTH="2746" HEIGHT="161">
            <Shape><Polygon POINTS="107 377 105 401 407 410 409 410 412 410 524 387 704 391 859 424 869 424 870 424 884 424 1139 405 1209 432 1211 432 1213 432 1215 432 1274 410 1336 410 1407 440 1411 440 1413 440 1415 440 1422 440 1544 420 1794 434 1796 434 1798 434 1824 424 1877 424 1957 455 1961 455 1963 455 1965 455 1967 455 1969 455 2029 434 2133 438 2184 461 2186 461 2188 461 2190 461 2196 461 2362 440 2423 459 2425 459 2546 471 2575 473 2845 479 2851 477 2851 414 2761 414 2759 412 2718 395 2716 395 2714 395 2712 395 2659 408 2650 410 2321 403 2311 397 2291 391 2290 391 2288 391 2233 395 2205 397 2192 393 2104 369 2102 369 1859 363 1857 363 1796 377 1693 367 1691 367 1620 375 1593 377 1512 377 1501 371 1466 358 1464 358 1462 358 1354 365 1311 369 1295 363 1244 346 1242 346 1240 346 1238 346 1190 361 1186 361 1182 361 1117 342 1115 342 1113 342 1111 342 1064 358 1060 358 1051 356 935 336 933 336 931 336 894 352 872 360 728 346 504 324 342 320 340 320 338 320 303 332 272 342 199 342 170 328 148 318 146 318 144 318 107 324 107 377" /></Shape>
	    <String CONTENT="ben junt a una paret que segurament pertany a una cabana" HPOS="105" VPOS="318" WIDTH="2746" HEIGHT="161" />
          </TextLine>

          
          
          <TextLine ID="eSc_line_8afa7200" TAGREFS="LT3563" BASELINE="115 455 539 445 969 469 1538 491 1801 498 2027 507 2115 521 2403 530 2570 553 2755 573 2859 584" HPOS="111" VPOS="403" WIDTH="2746" HEIGHT="180">
            <Shape><Polygon POINTS="113 453 111 483 338 493 340 493 342 493 344 493 391 473 471 473 551 500 555 500 557 500 559 500 563 500 661 477 755 489 757 489 820 481 886 502 888 502 890 502 1099 491 1203 500 1264 526 1266 526 1268 526 1270 528 1303 528 1325 528 1325 526 1327 526 1375 506 1430 520 1432 520 1434 520 1595 508 2033 522 2174 557 2176 557 2358 536 2468 569 2470 569 2472 569 2820 581 2857 583 2857 508 2497 498 2470 493 2356 473 2354 473 2309 483 2233 465 2231 465 2229 465 2184 483 2174 485 2102 485 2078 477 1990 455 1988 455 1914 453 1912 453 1847 469 1828 473 1736 469 1728 465 1691 448 1689 448 1687 448 1630 461 1616 463 1503 463 1485 455 1438 438 1436 438 1330 432 947 420 945 420 878 432 857 436 765 430 763 428 724 410 722 410 720 410 640 418 493 403 491 403 489 403 446 416 438 418 426 416 383 405 381 405 379 405 340 412 311 418 295 410 281 405 279 405 277 405 275 405 262 408 240 416 113 405 113 453" /></Shape>
	    <String CONTENT="del poblat que ha sofert la pèrdua d’una bona part degut a l’es-" HPOS="111" VPOS="403" WIDTH="2746" HEIGHT="180" />
          </TextLine>

          
          
          <TextLine ID="eSc_line_c3f6a783" TAGREFS="LT3563" BASELINE="109 531 1625 584 1660 575 1881 579 2078 601 2283 614" HPOS="105" VPOS="479" WIDTH="2177" HEIGHT="156">
            <Shape><Polygon POINTS="107 530 105 565 197 563 234 573 240 573 242 573 244 573 254 573 360 561 514 577 516 577 647 563 929 573 1009 596 1035 602 1037 602 1039 602 1121 598 1356 588 1428 608 1464 618 1466 618 1526 620 1528 620 1563 612 1630 598 1788 602 1833 622 1861 632 1863 632 1865 632 1910 624 1929 620 1937 624 1955 635 1957 635 1959 635 1961 635 2278 633 2282 612 2280 557 2176 563 2125 553 2123 553 2121 553 2064 569 1955 545 1953 545 1740 551 1636 541 1634 541 1575 551 1411 526 1409 526 1338 536 1289 522 1287 522 1285 522 1283 522 1248 540 1139 516 1137 516 1068 532 978 532 925 530 869 506 867 506 865 506 790 520 741 504 739 504 737 504 735 504 681 518 638 498 636 498 634 498 632 498 571 514 301 495 299 495 221 502 107 479 107 530" /></Shape>
	    <String CONTENT="llavisament de terres produït per una pluja forta." HPOS="105" VPOS="479" WIDTH="2177" HEIGHT="156" />
          </TextLine>

          
          
          <TextLine ID="eSc_line_707bc8e4" TAGREFS="LT3563" BASELINE="191 655 533 653 1377 692 1492 680 1662 697 1814 706 2095 728 2836 741" HPOS="187" VPOS="590" WIDTH="2647" HEIGHT="173">
            <Shape><Polygon POINTS="189 653 187 686 334 667 536 684 538 684 540 684 577 675 796 680 894 704 910 708 912 708 914 708 921 706 970 688 1103 704 1105 704 1148 696 1195 710 1197 710 1199 710 1282 702 1374 716 1479 731 1481 731 1542 720 1591 710 1695 710 1720 723 1738 731 1740 731 1741 731 1781 725 1802 722 1873 727 2241 757 2691 763 2693 763 2832 747 2834 739 2834 692 2777 675 2775 675 2773 675 2704 686 2689 688 2644 684 2599 680 2597 680 2595 680 2589 682 2548 698 2327 692 2291 675 2290 675 2288 675 2286 675 2252 688 2156 677 2154 677 1910 677 1884 667 1882 667 1880 667 1833 675 1706 647 1653 637 1651 637 1649 637 1626 645 1612 649 1559 643 1491 633 1489 633 1462 639 1391 653 1287 632 1244 624 1242 624 1199 628 1080 643 1054 633 1053 633 1051 633 1049 633 1019 645 951 620 937 614 935 614 933 614 912 618 857 628 737 610 700 606 698 606 696 606 685 608 634 622 596 606 589 602 587 602 585 602 571 604 467 628 311 594 299 592 189 590 189 653" /></Shape>
	    <String CONTENT="Situació del lloc que excavem: punt al camí que puja a St. An." HPOS="187" VPOS="590" WIDTH="2647" HEIGHT="173" />
          </TextLine>

          
          
          <TextLine ID="eSc_line_19d14849" TAGREFS="LT3563" BASELINE="109 759 197 755 691 760 1208 783 1738 799 1815 807 1897 787 2828 852" HPOS="105" VPOS="694" WIDTH="2721" HEIGHT="182">
            <Shape><Polygon POINTS="107 757 105 759 422 772 424 772 581 763 616 776 618 776 824 784 825 784 888 772 986 792 988 792 990 792 1031 780 1092 796 1094 796 1096 796 1131 792 1158 806 1160 806 1162 806 1164 806 1174 806 1364 794 1536 821 1587 829 1790 839 1792 839 1794 839 1812 833 1865 817 2100 827 2145 849 2166 857 2168 857 2170 857 2201 851 2260 837 2470 862 2481 862 2483 862 2487 862 2544 851 2820 876 2826 851 2826 810 2540 808 2513 798 2462 780 2460 780 2301 774 2299 774 2250 784 2186 767 2184 767 1902 753 1900 753 1898 753 1839 768 1835 768 1830 768 1657 741 1655 741 1557 753 1481 739 1479 739 1477 739 1436 751 1430 753 1422 751 1370 731 1368 731 1366 731 1293 745 1266 751 1227 743 1131 722 1129 722 1127 722 1086 737 1078 741 1025 741 1000 733 892 704 890 704 888 704 786 723 784 723 737 710 735 710 733 710 587 716 563 716 557 714 506 694 504 694 503 694 501 694 454 710 452 710 109 696 107 757" /></Shape>
	    <String CONTENT="dreu, en la vessant de llevant del puig. El talús tindria uns 5 ó" HPOS="105" VPOS="694" WIDTH="2721" HEIGHT="182" />
          </TextLine>

          
          
          <TextLine ID="eSc_line_cbcada09" TAGREFS="LT3563" BASELINE="106 851 199 838 515 838 1004 853 2461 929" HPOS="103" VPOS="782" WIDTH="2357" HEIGHT="165">
            <Shape><Polygon POINTS="105 849 103 851 283 858 285 858 291 858 350 845 391 857 393 857 395 857 459 845 536 866 553 872 555 872 557 872 608 870 782 858 919 874 921 874 1131 874 1178 890 1184 892 1186 892 1188 892 1240 892 1393 892 1409 898 1438 911 1440 911 1671 925 1743 927 1745 927 1810 913 1835 907 1886 915 1961 927 1963 927 2008 919 2023 917 2041 921 2072 929 2074 929 2076 929 2168 925 2196 925 2199 927 2223 939 2225 939 2358 947 2360 947 2458 935 2460 927 2456 878 2389 896 2194 868 2168 864 2166 864 2153 866 2059 880 1873 870 1822 853 1800 847 1798 847 1796 847 1769 851 1718 860 1661 847 1634 841 1632 841 1630 841 1616 845 1579 857 1511 841 1464 831 1462 831 1460 831 1432 839 1419 841 1397 837 1342 825 1340 825 1299 833 1276 837 1141 837 1041 823 886 804 884 804 827 815 820 815 786 813 669 804 667 804 636 808 602 812 589 806 549 788 548 788 546 788 497 794 475 784 473 784 418 782 416 782 414 782 369 798 360 800 107 788 105 849" /></Shape>
	    <String CONTENT="6 m d’alçària màxima en el seu punt més enlairat. La situa-" HPOS="103" VPOS="782" WIDTH="2357" HEIGHT="165" />
          </TextLine>

          
          
          <TextLine ID="eSc_line_f316e267" TAGREFS="LT3563" BASELINE="2525 934 2648 938 2788 953 2871 995" HPOS="2519" VPOS="876" WIDTH="356" HEIGHT="137">
            <Shape><Polygon POINTS="2524 933 2519 960 2583 970 2585 970 2587 970 2589 970 2611 954 2632 954 2659 978 2661 978 2663 978 2665 978 2667 978 2706 968 2765 988 2767 988 2769 988 2804 984 2820 1003 2822 1003 2822 1005 2824 1005 2826 1005 2865 1013 2869 993 2875 941 2822 941 2804 933 2734 902 2732 902 2730 902 2614 905 2605 905 2603 903 2569 876 2567 876 2565 876 2564 876 2562 876 2528 890 2524 933" /></Shape>
	    <String CONTENT="La situa-" HPOS="2519" VPOS="876" WIDTH="356" HEIGHT="137" />
          </TextLine>

          
          
          <TextLine ID="eSc_line_908dcf80" TAGREFS="LT3563" BASELINE="122 923 402 923 855 933 1932 990 2085 989 2086 989 2691 1037 2819 1056" HPOS="119" VPOS="868" WIDTH="2701" HEIGHT="198">
            <Shape><Polygon POINTS="121 921 119 933 604 958 606 958 612 958 712 943 777 954 778 954 888 952 921 966 923 966 925 966 1039 960 1115 984 1125 986 1127 986 1129 986 1162 986 1385 978 1589 1001 1591 1003 1736 1003 1769 1015 1775 1017 1777 1017 1779 1017 1788 1017 1877 1003 1933 1005 1974 1025 1978 1027 1980 1027 1982 1027 1990 1027 2062 1013 2258 1037 2260 1037 2360 1029 2442 1042 2444 1042 2446 1042 2472 1037 2513 1052 2515 1052 2517 1052 2519 1052 2520 1052 2522 1052 2560 1042 2816 1066 2818 1054 2820 1009 2681 1005 2673 1003 2556 976 2554 976 2495 988 2227 958 2074 950 2072 950 2070 950 2012 966 1888 941 1886 941 1610 947 1593 947 1577 945 1364 913 1362 913 1264 925 1209 907 1207 907 1205 907 1203 907 1162 919 1066 919 992 894 990 894 988 894 863 898 800 886 798 886 733 902 730 902 722 902 638 884 636 884 551 886 495 868 493 868 491 868 409 884 405 884 121 870 121 921" /></Shape>
	    <String CONTENT="ció de l’angle de cabana que s’ha començat es troba orientada en-" HPOS="119" VPOS="868" WIDTH="2701" HEIGHT="198" />
          </TextLine>

          
          
          <TextLine ID="eSc_line_440f15e3" TAGREFS="LT3563" BASELINE="126 1018 264 1006 885 1013 1110 1023 1182 1014 1491 1037 1569 1030 1765 1060" HPOS="123" VPOS="954" WIDTH="1640" HEIGHT="118">
            <Shape><Polygon POINTS="125 1017 123 1031 191 1033 193 1033 195 1033 246 1013 291 1035 293 1035 295 1037 414 1037 414 1035 483 1019 510 1029 512 1029 514 1029 557 1021 587 1037 589 1037 591 1037 702 1025 814 1038 816 1038 900 1031 955 1044 957 1044 959 1044 961 1044 990 1033 1029 1052 1031 1052 1033 1052 1160 1037 1191 1048 1193 1048 1195 1048 1252 1042 1270 1054 1272 1054 1274 1054 1276 1054 1278 1054 1280 1054 1301 1042 1374 1042 1401 1064 1403 1064 1405 1064 1626 1070 1628 1070 1630 1070 1632 1070 1653 1060 1759 1072 1763 1058 1763 1013 1669 1011 1649 995 1648 995 1646 995 1644 995 1589 1007 1587 1007 1467 1007 1462 1003 1430 984 1428 984 1426 984 1424 984 1256 993 1236 982 1235 982 1233 982 1231 982 1168 992 1135 982 1133 982 1131 982 1129 982 1127 982 1115 990 1109 995 1035 995 994 986 914 970 912 970 769 978 716 980 708 976 694 964 692 964 690 964 608 962 606 962 604 962 585 970 561 982 503 982 477 966 461 958 459 958 458 958 420 964 364 976 344 962 338 956 336 956 334 956 332 956 330 956 328 956 322 960 299 976 266 976 168 972 125 954 125 1017" /></Shape>
	    <String CONTENT="tre el N i l’O. Situació exacte: N-O." HPOS="123" VPOS="954" WIDTH="1640" HEIGHT="118" />
          </TextLine>

          
          
          <TextLine ID="eSc_line_a67fa014" TAGREFS="LT3563" BASELINE="370 1125 456 1123 874 1133" HPOS="370" VPOS="1063" WIDTH="504" HEIGHT="91">
            <Shape><Polygon POINTS="370 1125 370 1143 403 1132 503 1145 529 1147 531 1149 570 1149 570 1147 571 1147 572 1147 576 1145 591 1137 618 1137 634 1145 641 1150 643 1150 644 1150 645 1150 670 1146 682 1143 686 1146 690 1149 691 1149 692 1149 694 1149 695 1149 696 1149 700 1146 711 1140 747 1146 759 1147 760 1147 762 1147 767 1146 780 1141 785 1146 789 1149 789 1150 790 1150 792 1150 793 1150 794 1150 802 1146 812 1141 823 1146 837 1154 839 1154 840 1154 872 1146 874 1133 874 1097 839 1097 836 1094 807 1073 806 1073 805 1073 764 1072 763 1072 762 1072 760 1072 760 1073 745 1087 704 1074 703 1074 702 1074 700 1074 679 1085 665 1074 664 1074 662 1074 661 1074 660 1074 658 1074 647 1083 638 1091 589 1091 572 1080 551 1065 550 1065 549 1065 527 1064 525 1064 524 1064 523 1064 506 1076 488 1087 465 1087 452 1073 443 1064 443 1063 442 1063 441 1063 439 1063 370 1068 370 1125" /></Shape>
	    <String CONTENT="Planta el lloc" HPOS="370" VPOS="1063" WIDTH="504" HEIGHT="91" />
          </TextLine>

          
        </TextBlock>
        
      </PrintSpace>
    </Page>
  </Layout>
</alto>