<?xml version='1.0' encoding='utf-8'?>
<alto xmlns="http://www.loc.gov/standards/alto/ns-v4#" xmlns:xsi="http://www.w3.org/2001/XMLSchema-instance" xsi:schemaLocation="http://www.loc.gov/standards/alto/ns-v4# http://www.loc.gov/standards/alto/v4/alto-4-2.xsd">
  <Description>
    <MeasurementUnit>pixel</MeasurementUnit>
    <sourceImageInformation>
      <fileName>Diari_excavacio_Oliva_vol_I_PSA_1947_0051.pdf_page_1.png</fileName>
      <fileIdentifier>pdf//Diari_excavacio_Oliva_vol_I_PSA_1947_0051.pdf</fileIdentifier>
    </sourceImageInformation>
  </Description>
  
  <Tags>
    <OtherTag ID="BT10558" LABEL="Page" DESCRIPTION="block type Page" /><OtherTag ID="BT9538" LABEL="text" DESCRIPTION="block type text" /><OtherTag ID="BT4" LABEL="Illustration" DESCRIPTION="block type Illustration" /><OtherTag ID="BT3" LABEL="Commentary" DESCRIPTION="block type Commentary" /><OtherTag ID="BT2" LABEL="Main" DESCRIPTION="block type Main" /><OtherTag ID="BT1" LABEL="Title" DESCRIPTION="block type Title" />
    <OtherTag ID="LT2" LABEL="Numbering" DESCRIPTION="line type Numbering" /><OtherTag ID="LT3563" LABEL="default" DESCRIPTION="line type default" />
  </Tags>
  
  <Layout>
    <Page WIDTH="2870" HEIGHT="2260" PHYSICAL_IMG_NR="41" ID="eSc_dummypage_">
      <PrintSpace HPOS="0" VPOS="0" WIDTH="2870" HEIGHT="2260">
        
        <TextBlock HPOS="2714" VPOS="45" WIDTH="88" HEIGHT="73" ID="eSc_textblock_8b771a17" TAGREFS="BT10558">
          <Shape><Polygon POINTS="2714 45 2714 118 2802 118 2802 45" /></Shape>
          
          
          <TextLine ID="eSc_line_81f3cb7d" TAGREFS="LT2" BASELINE="2724 87 2801 97" HPOS="2719" VPOS="47" WIDTH="81" HEIGHT="81">
            <Shape><Polygon POINTS="2798 90 2787 56 2724 47 2723 86 2719 107 2790 128 2800 96 2798 88 2798 90" /></Shape>
	    <String CONTENT="51" HPOS="2719" VPOS="47" WIDTH="81" HEIGHT="81" />
          </TextLine>

          
        </TextBlock>
        
        <TextBlock HPOS="75" VPOS="23" WIDTH="2628" HEIGHT="190" ID="eSc_textblock_6f035a57" TAGREFS="BT9538">
          <Shape><Polygon POINTS="102 23 75 213 2703 197 2675 23" /></Shape>
          
          
          <TextLine ID="eSc_line_74d8c73b" TAGREFS="LT3563" BASELINE="109 82 1032 55 2427 67 2435 68 2685 105" HPOS="105" VPOS="24" WIDTH="2578" HEIGHT="92">
            <Shape><Polygon POINTS="2668 37 2564 28 2562 28 2511 37 2510 39 2163 39 2157 37 2123 26 2121 26 2119 26 2069 35 2059 37 2042 35 1940 24 1933 24 1914 24 1908 24 1833 35 1814 37 1765 35 1590 24 1575 24 1556 24 1541 24 1447 33 1441 33 1439 33 1417 24 1405 24 1386 24 1368 24 1349 24 1330 24 1328 24 1011 32 998 32 993 32 889 24 878 24 859 24 853 24 815 32 785 39 552 39 531 30 512 24 501 24 482 24 469 24 371 30 271 35 229 30 194 24 192 24 107 28 107 80 105 116 723 116 723 114 725 114 817 92 1117 92 1145 101 1147 101 1149 101 1447 92 1601 111 1603 111 1756 94 1833 109 1835 109 1912 92 2040 92 2123 112 2125 112 2127 112 2180 101 2238 109 2240 109 2461 94 2519 114 2521 114 2523 116 2681 116 2683 103 2679 79 2668 37" /></Shape>
	    <String CONTENT="29 de Novembre. Continuació de l’excavació de les dues cabanes " HPOS="105" VPOS="24" WIDTH="2578" HEIGHT="92" />
          </TextLine>

          
          
          <TextLine ID="eSc_line_16e69bcf" TAGREFS="LT3563" BASELINE="93 160 377 149" HPOS="90" VPOS="107" WIDTH="286" HEIGHT="96">
            <Shape><Polygon POINTS="92 158 92 190 203 203 205 203 207 203 271 175 278 171 286 173 307 178 309 178 310 178 376 163 376 148 373 116 320 107 318 107 316 107 314 107 314 109 303 120 299 124 293 120 263 109 261 109 260 109 258 109 256 109 256 111 241 124 237 128 194 128 190 126 179 116 177 116 175 116 173 116 171 116 169 116 154 128 143 116 141 116 139 116 137 116 135 116 90 131 92 158" /></Shape>
	    <String CONTENT="del S.E." HPOS="90" VPOS="107" WIDTH="286" HEIGHT="96" />
          </TextLine>

          
        </TextBlock>
        

        
      </PrintSpace>
    </Page>
  </Layout>
</alto>