<?xml version='1.0' encoding='utf-8'?>
<alto xmlns="http://www.loc.gov/standards/alto/ns-v4#" xmlns:xsi="http://www.w3.org/2001/XMLSchema-instance" xsi:schemaLocation="http://www.loc.gov/standards/alto/ns-v4# http://www.loc.gov/standards/alto/v4/alto-4-2.xsd">
  <Description>
    <MeasurementUnit>pixel</MeasurementUnit>
    <sourceImageInformation>
      <fileName>Diari_excavacio_Oliva_vol_I_PSA_1947_0083.pdf_page_1.png</fileName>
      <fileIdentifier>pdf//Diari_excavacio_Oliva_vol_I_PSA_1947_0083.pdf</fileIdentifier>
    </sourceImageInformation>
  </Description>
  
  <Tags>
    <OtherTag ID="BT10558" LABEL="Page" DESCRIPTION="block type Page" /><OtherTag ID="BT9538" LABEL="text" DESCRIPTION="block type text" /><OtherTag ID="BT4" LABEL="Illustration" DESCRIPTION="block type Illustration" /><OtherTag ID="BT3" LABEL="Commentary" DESCRIPTION="block type Commentary" /><OtherTag ID="BT2" LABEL="Main" DESCRIPTION="block type Main" /><OtherTag ID="BT1" LABEL="Title" DESCRIPTION="block type Title" />
    <OtherTag ID="LT2" LABEL="Numbering" DESCRIPTION="line type Numbering" /><OtherTag ID="LT3563" LABEL="default" DESCRIPTION="line type default" />
  </Tags>
  
  <Layout>
    <Page WIDTH="2893" HEIGHT="2277" PHYSICAL_IMG_NR="66" ID="eSc_dummypage_">
      <PrintSpace HPOS="0" VPOS="0" WIDTH="2893" HEIGHT="2277">
        
        <TextBlock HPOS="134" VPOS="19" WIDTH="2525" HEIGHT="124" ID="eSc_textblock_b301ee35" TAGREFS="BT9538">
          <Shape><Polygon POINTS="134 63 134 143 2659 125 2659 63 2459 20 2454 19 1366 29" /></Shape>
          
          
          <TextLine ID="eSc_line_ebd761f1" BASELINE="146 115 1532 73 2588 71" HPOS="142" VPOS="20" WIDTH="2445" HEIGHT="141">
            <Shape><Polygon POINTS="2551 39 2532 36 2513 32 2503 30 2424 30 2391 20 2380 20 2370 20 2315 30 2270 20 2266 20 2249 20 2171 36 2158 37 2145 36 2067 24 2065 24 1907 39 1869 43 1837 41 1687 30 1685 30 1683 30 1661 41 1632 32 1630 32 1628 32 1323 37 1321 37 1292 51 1283 55 1266 51 1203 39 1201 39 1049 55 996 60 971 56 930 49 928 49 926 49 907 58 895 64 597 68 577 64 531 53 529 53 476 62 353 56 351 56 347 56 320 68 309 74 214 74 208 70 187 62 180 62 170 62 142 70 144 113 144 161 222 161 223 161 246 149 322 159 332 159 334 159 335 159 339 159 398 138 480 144 482 144 624 130 772 146 816 149 818 149 820 149 842 144 916 123 1104 121 1178 132 1180 132 1254 119 1328 130 1391 138 1393 138 1581 123 1605 121 1607 121 1632 132 1634 132 1636 132 1871 129 1953 111 1983 104 2076 102 2093 108 2116 115 2118 115 2120 115 2211 104 2264 98 2359 100 2395 100 2446 117 2448 117 2450 117 2452 117 2507 96 2513 94 2587 94 2587 70 2562 41 2551 39" /></Shape>
	    <String CONTENT="Muralla exterior del costat S.O. del puig de St. Andreu." HPOS="142" VPOS="20" WIDTH="2445" HEIGHT="141" />
          </TextLine>

          
        </TextBlock>
        
        <TextBlock HPOS="2743" VPOS="29" WIDTH="84" HEIGHT="86" ID="eSc_textblock_2f7d442a" TAGREFS="BT10558">
          <Shape><Polygon POINTS="2743 29 2743 115 2827 115 2827 29" /></Shape>
          
        </TextBlock>
        

        
        <TextBlock ID="eSc_dummyblock_">
          
          
          <TextLine ID="eSc_line_b86ef3f6" TAGREFS="LT2" BASELINE="2741 70 2825 70" HPOS="2739" VPOS="26" WIDTH="85" HEIGHT="80">
            <Shape><Polygon POINTS="2739 68 2739 106 2824 98 2824 68 2824 34 2739 26 2739 68" /></Shape>
	    <String CONTENT="83" HPOS="2739" VPOS="26" WIDTH="85" HEIGHT="80" />
          </TextLine>

          
        </TextBlock>
        
      </PrintSpace>
    </Page>
  </Layout>
</alto>