<?xml version='1.0' encoding='utf-8'?>
<alto xmlns="http://www.loc.gov/standards/alto/ns-v4#" xmlns:xsi="http://www.w3.org/2001/XMLSchema-instance" xsi:schemaLocation="http://www.loc.gov/standards/alto/ns-v4# http://www.loc.gov/standards/alto/v4/alto-4-2.xsd">
  <Description>
    <MeasurementUnit>pixel</MeasurementUnit>
    <sourceImageInformation>
      <fileName>Diari_excavacio_Oliva_vol_I_PSA_1947_0056.pdf_page_1.png</fileName>
      <fileIdentifier>pdf//Diari_excavacio_Oliva_vol_I_PSA_1947_0056.pdf</fileIdentifier>
    </sourceImageInformation>
  </Description>
  
  <Tags>
    <OtherTag ID="BT10558" LABEL="Page" DESCRIPTION="block type Page" /><OtherTag ID="BT9538" LABEL="text" DESCRIPTION="block type text" /><OtherTag ID="BT4" LABEL="Illustration" DESCRIPTION="block type Illustration" /><OtherTag ID="BT3" LABEL="Commentary" DESCRIPTION="block type Commentary" /><OtherTag ID="BT2" LABEL="Main" DESCRIPTION="block type Main" /><OtherTag ID="BT1" LABEL="Title" DESCRIPTION="block type Title" />
    <OtherTag ID="LT2" LABEL="Numbering" DESCRIPTION="line type Numbering" /><OtherTag ID="LT3563" LABEL="default" DESCRIPTION="line type default" />
  </Tags>
  
  <Layout>
    <Page WIDTH="2898" HEIGHT="2238" PHYSICAL_IMG_NR="43" ID="eSc_dummypage_">
      <PrintSpace HPOS="0" VPOS="0" WIDTH="2898" HEIGHT="2238">
        
        <TextBlock HPOS="2725" VPOS="23" WIDTH="93" HEIGHT="71" ID="eSc_textblock_0e3b7f5f">
          <Shape><Polygon POINTS="2743 23 2735 57 2725 94 2818 92 2815 25" /></Shape>
          
          
          <TextLine ID="eSc_line_b79ec776" TAGREFS="LT2" BASELINE="2743 59 2810 63" HPOS="2739" VPOS="24" WIDTH="69" HEIGHT="71">
            <Shape><Polygon POINTS="2797 24 2778 24 2759 24 2741 26 2741 57 2739 95 2804 95 2808 61 2808 24 2797 24" /></Shape>
	    <String CONTENT="56" HPOS="2739" VPOS="24" WIDTH="69" HEIGHT="71" />
          </TextLine>

          
        </TextBlock>
        
        <TextBlock HPOS="91" VPOS="28" WIDTH="1419" HEIGHT="131" ID="eSc_textblock_2a9f4d6a" TAGREFS="BT9538">
          <Shape><Polygon POINTS="91 28 91 159 1510 159 1510 28" /></Shape>
          
          
          <TextLine ID="eSc_line_7349d7e1" TAGREFS="LT3563" BASELINE="121 74 1486 86" HPOS="117" VPOS="29" WIDTH="1368" HEIGHT="118">
            <Shape><Polygon POINTS="186 29 184 29 182 29 136 37 125 29 121 29 119 72 117 139 324 143 326 143 328 143 339 138 356 130 490 130 500 138 509 145 511 145 513 145 515 147 593 147 593 145 595 145 613 136 630 126 677 134 679 134 681 134 699 124 716 134 737 145 738 145 824 147 826 147 828 147 862 134 882 124 899 132 912 139 914 139 916 139 918 139 936 132 957 124 977 132 983 134 985 134 987 134 1009 132 1071 124 1097 130 1121 138 1123 138 1125 138 1127 138 1143 130 1155 126 1209 130 1317 138 1319 138 1321 138 1358 128 1360 128 1364 128 1407 143 1408 143 1410 143 1412 143 1414 143 1433 128 1483 128 1485 85 1483 55 1384 44 1382 44 1334 52 1317 54 1313 52 1295 39 1293 39 1291 39 1289 39 1106 48 1072 48 1069 46 1048 37 1046 37 1044 37 994 44 964 50 955 44 946 37 944 37 942 37 940 37 800 41 742 42 729 41 705 33 703 33 701 33 699 33 697 33 690 39 677 46 477 46 453 35 445 31 444 31 442 31 425 33 369 44 309 35 307 35 214 42 188 29 186 29" /></Shape>
	    <String CONTENT="Pla del conjunt total de la torre. " HPOS="117" VPOS="29" WIDTH="1368" HEIGHT="118" />
          </TextLine>

          
        </TextBlock>
        

        
      </PrintSpace>
    </Page>
  </Layout>
</alto>