<?xml version='1.0' encoding='utf-8'?>
<alto xmlns="http://www.loc.gov/standards/alto/ns-v4#" xmlns:xsi="http://www.w3.org/2001/XMLSchema-instance" xsi:schemaLocation="http://www.loc.gov/standards/alto/ns-v4# http://www.loc.gov/standards/alto/v4/alto-4-2.xsd">
  <Description>
    <MeasurementUnit>pixel</MeasurementUnit>
    <sourceImageInformation>
      <fileName>Diari_excavacio_Oliva_vol_I_PSA_1947_0022.pdf_page_1.png</fileName>
      <fileIdentifier>pdf//Diari_excavacio_Oliva_vol_I_PSA_1947_0022.pdf</fileIdentifier>
    </sourceImageInformation>
  </Description>
  
  <Tags>
    <OtherTag ID="BT10558" LABEL="Page" DESCRIPTION="block type Page" /><OtherTag ID="BT9538" LABEL="text" DESCRIPTION="block type text" /><OtherTag ID="BT4" LABEL="Illustration" DESCRIPTION="block type Illustration" /><OtherTag ID="BT3" LABEL="Commentary" DESCRIPTION="block type Commentary" /><OtherTag ID="BT2" LABEL="Main" DESCRIPTION="block type Main" /><OtherTag ID="BT1" LABEL="Title" DESCRIPTION="block type Title" />
    <OtherTag ID="LT2" LABEL="Numbering" DESCRIPTION="line type Numbering" /><OtherTag ID="LT3563" LABEL="default" DESCRIPTION="line type default" />
  </Tags>
  
  <Layout>
    <Page WIDTH="2856" HEIGHT="2229" PHYSICAL_IMG_NR="68" ID="eSc_dummypage_">
      <PrintSpace HPOS="0" VPOS="0" WIDTH="2856" HEIGHT="2229">
        
        <TextBlock HPOS="61" VPOS="23" WIDTH="2572" HEIGHT="108" ID="eSc_textblock_cd53205e" TAGREFS="BT9538">
          <Shape><Polygon POINTS="61 23 61 131 2629 131 2633 23" /></Shape>
          
          
          <TextLine ID="eSc_line_23d30430" TAGREFS="LT3563" BASELINE="78 71 1095 64 2611 75" HPOS="76" VPOS="24" WIDTH="2534" HEIGHT="104">
            <Shape><Polygon POINTS="2359 24 2341 24 2322 24 2304 24 2289 24 2287 24 2285 24 2250 39 2248 40 2051 40 2038 37 1956 24 1951 24 1932 24 1926 24 1860 31 1711 24 1709 24 1690 24 1672 24 1664 24 1622 33 1566 24 1560 24 1545 24 1508 35 1505 35 1486 35 1285 24 1282 24 1263 24 1244 24 1241 24 1211 33 1205 35 1198 33 1168 24 1152 24 1137 24 1096 33 1085 35 1074 33 1029 24 1021 24 1003 24 984 24 966 24 947 24 929 24 910 24 891 24 873 24 854 24 836 24 817 24 799 24 780 24 761 24 743 24 724 24 709 24 680 31 678 31 674 31 648 24 631 24 616 24 587 31 574 33 76 29 76 70 76 120 553 115 659 118 776 124 778 124 823 118 904 107 968 118 984 120 986 120 1023 118 1083 113 1100 117 1122 124 1124 124 1126 124 1168 117 1198 113 1250 117 1354 126 1356 126 1402 117 1406 117 1415 117 1523 122 1525 122 1527 122 1547 117 1572 109 1611 115 1642 120 1644 120 1676 115 1715 109 1941 109 1965 115 2023 128 2025 128 2101 115 2205 128 2207 128 2270 113 2283 111 2607 111 2610 74 2608 40 2545 26 2543 26 2404 39 2398 39 2397 39 2361 24 2359 24" /></Shape>
	    <String CONTENT="Materials de l’estrat IV i V de l’angle de cabana de llevant." HPOS="76" VPOS="24" WIDTH="2534" HEIGHT="104" />
          </TextLine>

          
        </TextBlock>
        
        <TextBlock HPOS="2715" VPOS="23" WIDTH="69" HEIGHT="69" ID="eSc_textblock_fda173b5" TAGREFS="BT10558">
          <Shape><Polygon POINTS="2715 23 2715 92 2784 92 2784 23" /></Shape>
          
        </TextBlock>
        

        
        <TextBlock ID="eSc_dummyblock_">
          
          
          <TextLine ID="eSc_line_cb564305" TAGREFS="LT2" BASELINE="2710 62 2792 66" HPOS="2705" VPOS="27" WIDTH="85" HEIGHT="82">
            <Shape><Polygon POINTS="2705 109 2789 94 2790 65 2790 31 2709 27 2709 61" /></Shape>
	    <String CONTENT="22" HPOS="2705" VPOS="27" WIDTH="85" HEIGHT="82" />
          </TextLine>

          
        </TextBlock>
        
      </PrintSpace>
    </Page>
  </Layout>
</alto>